[Licensing::Module] Trying to connect to existing licensing client channel...
Built from '6000.4/staging' branch; Version is '6000.4.5f1 (cc83ebd631f8) revision 13403115'; Using compiler version '194234433'; Build Type 'Release'
[Licensing::IpcConnector] Successfully connected to: "LicenseClient-luxem" at "2026-05-06T07:42:36.511326Z"
OS: 'Windows 11  (10.0.26200) Core' Language: 'ko' Physical Memory: 16216 MB
BatchMode: 1, IsHumanControllingUs: 0, StartBugReporterOnCrash: 0, Is64bit: 1
System  architecture: x64
Process architecture: x64
Date: 2026-05-06T07:42:36Z

COMMAND LINE ARGUMENTS:
C:\Program Files\Unity\Hub\Editor\6000.4.5f1\Editor\Unity.exe
-adb2
-batchMode
-noUpm
-name
AssetImportWorker1
-projectPath
E:/Unity/hidenet
-logFile
Logs/AssetImportWorker1.log
-srvPort
63717
-licensingIpc
LicenseClient-luxem
-force-d3d12
-job-worker-count
5
-background-job-worker-count
8
-gc-helper-count
1
-name
AssetImport
Successfully changed project path to: E:/Unity/hidenet
E:/Unity/hidenet
[UnityMemory] Configuration Parameters - Can be set up in boot.config
    "memorysetup-temp-allocator-size-gi-baking-worker=262144"
    "memorysetup-temp-allocator-size-gi-baking-worker=262144"
    "memorysetup-temp-allocator-size-gi-baking-worker=262144"
    "memorysetup-temp-allocator-size-gi-baking-worker=262144"
    "memorysetup-temp-allocator-size-gi-baking-worker=262144"
    "memorysetup-temp-allocator-size-nav-mesh-worker=65536"
    "memorysetup-temp-allocator-size-audio-worker=65536"
    "memorysetup-temp-allocator-size-cloud-worker=32768"
    "memorysetup-temp-allocator-size-gfx=262144"
    "memorysetup-temp-allocator-size-preload-manager=33554432"
    "memorysetup-temp-allocator-size-job-worker=262144"
    "memorysetup-temp-allocator-size-background-worker=32768"
    "memorysetup-allocator-temp-initial-block-size-main=262144"
    "memorysetup-allocator-temp-initial-block-size-worker=262144"
    "memorysetup-bucket-allocator-granularity=16"
    "memorysetup-bucket-allocator-bucket-count=8"
    "memorysetup-bucket-allocator-block-size=33554432"
    "memorysetup-bucket-allocator-block-count=8"
    "memorysetup-main-allocator-block-size=16777216"
    "memorysetup-thread-allocator-block-size=16777216"
    "memorysetup-gfx-main-allocator-block-size=16777216"
    "memorysetup-gfx-thread-allocator-block-size=16777216"
    "memorysetup-cache-allocator-block-size=4194304"
    "memorysetup-typetree-allocator-block-size=2097152"
    "memorysetup-profiler-bucket-allocator-granularity=16"
    "memorysetup-profiler-bucket-allocator-bucket-count=8"
    "memorysetup-profiler-bucket-allocator-block-size=33554432"
    "memorysetup-profiler-bucket-allocator-block-count=8"
    "memorysetup-profiler-allocator-block-size=16777216"
    "memorysetup-profiler-editor-allocator-block-size=1048576"
    "memorysetup-temp-allocator-size-main=16777216"
    "memorysetup-job-temp-allocator-block-size=2097152"
    "memorysetup-job-temp-allocator-block-size-background=1048576"
    "memorysetup-job-temp-allocator-reduction-small-platforms=262144"
Player connection [8748]  Target information:

Player connection [8748]  * "[IP] 211.199.214.254 [Port] 0 [Flags] 2 [Guid] 2984444288 [EditorId] 2984444288 [Version] 1048832 [Id] WindowsEditor(7,DESKTOP-HPPBPLL) [Debug] 1 [PackageName] WindowsEditor [ProjectName] Editor" 

Player connection [8748] Host joined multi-casting on [225.0.0.222:54997]...
Player connection [8748] Host joined alternative multi-casting on [225.0.0.222:34997]...
JobSystem: Creating JobQueue using job-worker-count value 5
Input System module state changed to: Initialized.
[Physics::Module] Initialized fallback backend.
[Physics::Module] Id: 0xdecafbad
Library Redirect Path: Library/
[Physics::Module] Selected backend.
[Physics::Module] Name: PhysX
[Physics::Module] Id: 0xf2b8ea05
[Physics::Module] SDK Version: 4.1.2
[Physics::Module] Integration Version: 1.0.0
[Physics::Module] Threading Mode: Multi-Threaded
Refreshing native plugins compatible for Editor in 100.04 ms, found 13 plugins.
Initialize engine version: 6000.4.5f1 (cc83ebd631f8)
[Subsystems] Discovering subsystems at path C:/Program Files/Unity/Hub/Editor/6000.4.5f1/Editor/Data/Resources/UnitySubsystems
[Subsystems] Discovering subsystems at path E:/Unity/hidenet/Assets
Forcing GfxDevice: Direct3D 12
GfxDevice: creating device client; kGfxThreadingModeNonThreaded
d3d12: failed to query info queue interface (0x80004002).
Direct3D:
    Version:         Direct3D 12 [level 12.2]
    Renderer:        NVIDIA GeForce RTX 3060 Ti (ID=0x24c9)
    Vendor:          NVIDIA
    VRAM:            8024 MB
    App VRAM Budget: 7256 MB
    Driver:          32.0.15.9186
Initialize mono
Mono path[0] = 'C:/Program Files/Unity/Hub/Editor/6000.4.5f1/Editor/Data/Managed'
Mono path[1] = 'C:/Program Files/Unity/Hub/Editor/6000.4.5f1/Editor/Data/MonoBleedingEdge/lib/mono/unityjit-win32'
Mono config path = 'C:/Program Files/Unity/Hub/Editor/6000.4.5f1/Editor/Data/MonoBleedingEdge/etc'
Using monoOptions --debugger-agent=transport=dt_socket,embedding=1,server=y,suspend=n,address=127.0.0.1:56872
CodeReloadManager initialized
Begin MonoManager ReloadAssembly
Registering precompiled unity dll's ...
Register platform support module: C:/Program Files/Unity/Hub/Editor/6000.4.5f1/Editor/Data/PlaybackEngines/WindowsStandaloneSupport/UnityEditor.WindowsStandalone.Extensions.dll
Registered in 0.001929 seconds.
Native extension for WindowsStandalone target not found
Package Manager log level set to [2]
[Package Manager] Failed to launch server process. Reason: Unity was launched with the -noUpm command-line argument
[Package Manager] Unable to send message (not connected to server process).
[Package Manager] Cannot connect to Unity Package Manager local server
ScheduleIndexationOnStartup MainProcess:False IndexOnStartup:True
Mono: successfully reloaded assembly
- Finished resetting the current domain, in  0.472 seconds
Domain Reload Profiling: 995ms
	BeginReloadAssembly (162ms)
	RebuildCommonClasses (41ms)
	RebuildNativeTypeToScriptingClass (18ms)
	initialDomainReloadingComplete (76ms)
	LoadAllAssembliesAndSetupDomain (224ms)
		LoadAssemblies (158ms)
		AnalyzeDomain (215ms)
			TypeCache.Refresh (214ms)
				TypeCache.ScanAssembly (197ms)
	FinalizeReload (474ms)
		SetupLoadedEditorAssemblies (0ms)
			InitializePlatformSupportModulesInManaged (59ms)
			BeforeProcessingInitializeOnLoad (103ms)
			ProcessInitializeOnLoadAttributes (131ms)
			ProcessInitializeOnLoadMethodAttributes (97ms)
[Licensing::Client] Error: HandshakeResponse reported an error:
	ResponseCode: 505
	ResponseStatus: Unsupported protocol version '1.18.1'.
[Licensing::Module] Error: Failed to handshake to channel: "LicenseClient-luxem"
[Licensing::IpcConnector] LicenseClient-luxem channel disconnected successfully.
[Licensing::IpcConnector] Successfully connected to: "LicenseClient-luxem-6000.4.5" at "2026-05-06T07:42:39.188339Z"
[Licensing::Client] Code 10 while verifying Licensing Client signature (process Id: 12192, path: "C:/Program Files/Unity/Hub/Editor/6000.4.5f1/Editor/Data/Resources/Licensing/Client/Unity.Licensing.Client.exe")
[Licensing::Module] LicensingClient has failed validation; ignoring
[Licensing::Client] Handshaking with LicensingClient:
  Version:                 1.18.1+9fbee8e
  Session Id:              560d45d628934450aba57ef65a5f6eec
  Correlation Id:          24617f326d900395c65074aea184d518
  External correlation Id: 3220036773508014873
  Machine Id:              5CfMcHl6FNwj+0EmF/QZxZZn4A0=
[Licensing::Module] Successfully connected to LicensingClient on channel: "LicenseClient-luxem-6000.4.5" (connect: 0.00s, validation: 0.00s, handshake: 0.06s)
[Licensing::IpcConnector] Successfully connected to: "LicenseClient-luxem-6000.4.5-notifications" at "2026-05-06T07:42:39.253195Z"
[Licensing::Module] Licensing Background thread has ended after 2.74s
========================================================================
Worker process is ready to serve import requests
Import Worker Mode flag is 0x00
Begin MonoManager ReloadAssembly
[Licensing::Client] Successfully resolved entitlement details
[Licensing::Module] License group:
  Id: 14568932248349-UnityPersXXXX
  Product: Unity Personal
  Type: Assigned
  Expiration: Unlimited
Assembly Assembly-CSharp-Editor-firstpass.dll at Library/ScriptAssemblies/Assembly-CSharp-Editor-firstpass.dll not valid. Loading of assembly skipped.
Assembly Assembly-CSharp-Editor.dll at Library/ScriptAssemblies/Assembly-CSharp-Editor.dll not valid. Loading of assembly skipped.
Assembly Assembly-CSharp-firstpass.dll at Library/ScriptAssemblies/Assembly-CSharp-firstpass.dll not valid. Loading of assembly skipped.
Assembly Assembly-CSharp.dll at Library/ScriptAssemblies/Assembly-CSharp.dll not valid. Loading of assembly skipped.
Assembly DocCodeExamples.dll at Library/ScriptAssemblies/DocCodeExamples.dll not valid. Loading of assembly skipped.
Assembly TestNewCustomAssembly.dll at Library/ScriptAssemblies/TestNewCustomAssembly.dll not valid. Loading of assembly skipped.
Assembly Unity.Collections.BurstCompatibilityGen.dll at Library/ScriptAssemblies/Unity.Collections.BurstCompatibilityGen.dll not valid. Loading of assembly skipped.
Assembly Unity.Collections.DocCodeSamples.dll at Library/ScriptAssemblies/Unity.Collections.DocCodeSamples.dll not valid. Loading of assembly skipped.
Assembly Unity.Collections.PerformanceTests.dll at Library/ScriptAssemblies/Unity.Collections.PerformanceTests.dll not valid. Loading of assembly skipped.
Assembly Unity.Collections.Tests.dll at Library/ScriptAssemblies/Unity.Collections.Tests.dll not valid. Loading of assembly skipped.
Assembly Unity.Collections.Tests.Playmode.dll at Library/ScriptAssemblies/Unity.Collections.Tests.Playmode.dll not valid. Loading of assembly skipped.
Assembly Unity.InputSystem.IntegrationTests.dll at Library/ScriptAssemblies/Unity.InputSystem.IntegrationTests.dll not valid. Loading of assembly skipped.
Assembly Unity.Mathematics.Tests.dll at Library/ScriptAssemblies/Unity.Mathematics.Tests.dll not valid. Loading of assembly skipped.
Assembly Unity.Multiplayer.Center.Editor.Tests.dll at Library/ScriptAssemblies/Unity.Multiplayer.Center.Editor.Tests.dll not valid. Loading of assembly skipped.
Assembly Unity.Multiplayer.Center.Tests.dll at Library/ScriptAssemblies/Unity.Multiplayer.Center.Tests.dll not valid. Loading of assembly skipped.
Assembly Unity.Nuget.Mono-Cecil.dll at Library/ScriptAssemblies/Unity.Nuget.Mono-Cecil.dll not valid. Loading of assembly skipped.
Assembly Unity.PathTracing.Editor.Tests.dll at Library/ScriptAssemblies/Unity.PathTracing.Editor.Tests.dll not valid. Loading of assembly skipped.
Assembly Unity.PathTracing.Runtime.Tests.dll at Library/ScriptAssemblies/Unity.PathTracing.Runtime.Tests.dll not valid. Loading of assembly skipped.
Assembly Unity.Performance.Profile-Analyzer.EditorTests.dll at Library/ScriptAssemblies/Unity.Performance.Profile-Analyzer.EditorTests.dll not valid. Loading of assembly skipped.
Assembly Unity.RenderPipelines.Core.Editor.Tests.dll at Library/ScriptAssemblies/Unity.RenderPipelines.Core.Editor.Tests.dll not valid. Loading of assembly skipped.
Assembly Unity.RenderPipelines.Core.Runtime.Tests.dll at Library/ScriptAssemblies/Unity.RenderPipelines.Core.Runtime.Tests.dll not valid. Loading of assembly skipped.
Assembly Unity.RenderPipelines.Universal.Config.Editor.Tests.dll at Library/ScriptAssemblies/Unity.RenderPipelines.Universal.Config.Editor.Tests.dll not valid. Loading of assembly skipped.
Assembly Unity.RenderPipelines.Universal.Editor.Tests.dll at Library/ScriptAssemblies/Unity.RenderPipelines.Universal.Editor.Tests.dll not valid. Loading of assembly skipped.
Assembly Unity.RenderPipelines.Universal.Runtime.Tests.dll at Library/ScriptAssemblies/Unity.RenderPipelines.Universal.Runtime.Tests.dll not valid. Loading of assembly skipped.
Assembly Unity.Searcher.EditorTests.dll at Library/ScriptAssemblies/Unity.Searcher.EditorTests.dll not valid. Loading of assembly skipped.
Assembly Unity.Settings.Tests.dll at Library/ScriptAssemblies/Unity.Settings.Tests.dll not valid. Loading of assembly skipped.
Assembly Unity.ShaderGraph.Editor.Tests.dll at Library/ScriptAssemblies/Unity.ShaderGraph.Editor.Tests.dll not valid. Loading of assembly skipped.
Assembly Unity.TestTools.CodeCoverage.Editor.Compatibility.dll at Library/ScriptAssemblies/Unity.TestTools.CodeCoverage.Editor.Compatibility.dll not valid. Loading of assembly skipped.
Assembly Unity.TextMeshPro.Editor.Tests.dll at Library/ScriptAssemblies/Unity.TextMeshPro.Editor.Tests.dll not valid. Loading of assembly skipped.
Assembly Unity.TextMeshPro.Tests.dll at Library/ScriptAssemblies/Unity.TextMeshPro.Tests.dll not valid. Loading of assembly skipped.
Assembly Unity.Tutorials.Core.Editor.Tests.dll at Library/ScriptAssemblies/Unity.Tutorials.Core.Editor.Tests.dll not valid. Loading of assembly skipped.
Assembly Unity.Tutorials.Core.Tests.dll at Library/ScriptAssemblies/Unity.Tutorials.Core.Tests.dll not valid. Loading of assembly skipped.
Assembly Unity.UnifiedRayTracing.Editor.Tests.dll at Library/ScriptAssemblies/Unity.UnifiedRayTracing.Editor.Tests.dll not valid. Loading of assembly skipped.
Assembly Unity.XR.AndroidOpenXR.Tests.dll at Library/ScriptAssemblies/Unity.XR.AndroidOpenXR.Tests.dll not valid. Loading of assembly skipped.
Assembly Unity.XR.AndroidXROpenXR.CodeSamples.Tests.dll at Library/ScriptAssemblies/Unity.XR.AndroidXROpenXR.CodeSamples.Tests.dll not valid. Loading of assembly skipped.
Assembly Unity.XR.AndroidXROpenXR.Editor.Tests.dll at Library/ScriptAssemblies/Unity.XR.AndroidXROpenXR.Editor.Tests.dll not valid. Loading of assembly skipped.
Assembly Unity.XR.ARFoundation.CodeSamples.Editor.Tests.dll at Library/ScriptAssemblies/Unity.XR.ARFoundation.CodeSamples.Editor.Tests.dll not valid. Loading of assembly skipped.
Assembly Unity.XR.ARFoundation.CodeSamples.Tests.dll at Library/ScriptAssemblies/Unity.XR.ARFoundation.CodeSamples.Tests.dll not valid. Loading of assembly skipped.
Assembly Unity.XR.ARFoundation.Editor.Tests.dll at Library/ScriptAssemblies/Unity.XR.ARFoundation.Editor.Tests.dll not valid. Loading of assembly skipped.
Assembly Unity.XR.ARFoundation.InternalUtils.Editor.Tests.dll at Library/ScriptAssemblies/Unity.XR.ARFoundation.InternalUtils.Editor.Tests.dll not valid. Loading of assembly skipped.
Assembly Unity.XR.ARFoundation.Runtime.Tests.dll at Library/ScriptAssemblies/Unity.XR.ARFoundation.Runtime.Tests.dll not valid. Loading of assembly skipped.
Assembly Unity.XR.ARSubsystems.Editor.Tests.dll at Library/ScriptAssemblies/Unity.XR.ARSubsystems.Editor.Tests.dll not valid. Loading of assembly skipped.
Assembly Unity.XR.CompositionLayers.Editor.Tests.dll at Library/ScriptAssemblies/Unity.XR.CompositionLayers.Editor.Tests.dll not valid. Loading of assembly skipped.
Assembly Unity.XR.CompositionLayers.Tests.dll at Library/ScriptAssemblies/Unity.XR.CompositionLayers.Tests.dll not valid. Loading of assembly skipped.
Assembly Unity.XR.CoreUtils.CodeSamples.Tests.dll at Library/ScriptAssemblies/Unity.XR.CoreUtils.CodeSamples.Tests.dll not valid. Loading of assembly skipped.
Assembly Unity.XR.CoreUtils.Editor.Tests.dll at Library/ScriptAssemblies/Unity.XR.CoreUtils.Editor.Tests.dll not valid. Loading of assembly skipped.
Assembly Unity.XR.CoreUtils.Tests.dll at Library/ScriptAssemblies/Unity.XR.CoreUtils.Tests.dll not valid. Loading of assembly skipped.
Assembly Unity.XR.Hands.Editor.Tests.dll at Library/ScriptAssemblies/Unity.XR.Hands.Editor.Tests.dll not valid. Loading of assembly skipped.
Assembly Unity.XR.Hands.Tests.dll at Library/ScriptAssemblies/Unity.XR.Hands.Tests.dll not valid. Loading of assembly skipped.
Assembly Unity.XR.Interaction.Toolkit.Editor.Tests.dll at Library/ScriptAssemblies/Unity.XR.Interaction.Toolkit.Editor.Tests.dll not valid. Loading of assembly skipped.
Assembly Unity.XR.Interaction.Toolkit.Tests.dll at Library/ScriptAssemblies/Unity.XR.Interaction.Toolkit.Tests.dll not valid. Loading of assembly skipped.
Assembly Unity.XR.Management.EditorTests.dll at Library/ScriptAssemblies/Unity.XR.Management.EditorTests.dll not valid. Loading of assembly skipped.
Assembly Unity.XR.Management.TestPackage.dll at Library/ScriptAssemblies/Unity.XR.Management.TestPackage.dll not valid. Loading of assembly skipped.
Assembly Unity.XR.Management.TestPackage.Editor.dll at Library/ScriptAssemblies/Unity.XR.Management.TestPackage.Editor.dll not valid. Loading of assembly skipped.
Assembly Unity.XR.Management.Tests.dll at Library/ScriptAssemblies/Unity.XR.Management.Tests.dll not valid. Loading of assembly skipped.
Assembly Unity.XR.Management.Tests.Standalone.dll at Library/ScriptAssemblies/Unity.XR.Management.Tests.Standalone.dll not valid. Loading of assembly skipped.
Assembly Unity.XR.MetaOpenXR.CodeSamples.Tests.dll at Library/ScriptAssemblies/Unity.XR.MetaOpenXR.CodeSamples.Tests.dll not valid. Loading of assembly skipped.
Assembly Unity.XR.MetaOpenXR.Editor.Tests.dll at Library/ScriptAssemblies/Unity.XR.MetaOpenXR.Editor.Tests.dll not valid. Loading of assembly skipped.
Assembly Unity.XR.MetaOpenXR.Tests.dll at Library/ScriptAssemblies/Unity.XR.MetaOpenXR.Tests.dll not valid. Loading of assembly skipped.
Assembly Unity.XR.OpenXR.Editor.Tests.dll at Library/ScriptAssemblies/Unity.XR.OpenXR.Editor.Tests.dll not valid. Loading of assembly skipped.
Assembly Unity.XR.OpenXR.Tests.dll at Library/ScriptAssemblies/Unity.XR.OpenXR.Tests.dll not valid. Loading of assembly skipped.
Assembly Unity.XR.OpenXR.Ubuntu.Tests.dll at Library/ScriptAssemblies/Unity.XR.OpenXR.Ubuntu.Tests.dll not valid. Loading of assembly skipped.
Assembly Unity.XR.Simulation.Editor.Tests.dll at Library/ScriptAssemblies/Unity.XR.Simulation.Editor.Tests.dll not valid. Loading of assembly skipped.
Assembly Unity.XR.Simulation.Runtime.Tests.dll at Library/ScriptAssemblies/Unity.XR.Simulation.Runtime.Tests.dll not valid. Loading of assembly skipped.
Assembly Unity.XR.TestSupport.dll at Library/ScriptAssemblies/Unity.XR.TestSupport.dll not valid. Loading of assembly skipped.
Assembly Unity.XR.TestTooling.Editor.Tests.dll at Library/ScriptAssemblies/Unity.XR.TestTooling.Editor.Tests.dll not valid. Loading of assembly skipped.
Assembly UnityEditor.UI.Common.Tests.dll at Library/ScriptAssemblies/UnityEditor.UI.Common.Tests.dll not valid. Loading of assembly skipped.
Assembly UnityEditor.UI.EditorTests.dll at Library/ScriptAssemblies/UnityEditor.UI.EditorTests.dll not valid. Loading of assembly skipped.
Assembly UnityEditor.XR.LegacyInputHelpers.Tests.dll at Library/ScriptAssemblies/UnityEditor.XR.LegacyInputHelpers.Tests.dll not valid. Loading of assembly skipped.
Assembly UnityEngine.SpatialTracking.Tests.dll at Library/ScriptAssemblies/UnityEngine.SpatialTracking.Tests.dll not valid. Loading of assembly skipped.
Assembly UnityEngine.UI.Tests.dll at Library/ScriptAssemblies/UnityEngine.UI.Tests.dll not valid. Loading of assembly skipped.
Assembly UnityEngine.XR.OpenXR.CodeSamples.Editor.Tests.dll at Library/ScriptAssemblies/UnityEngine.XR.OpenXR.CodeSamples.Editor.Tests.dll not valid. Loading of assembly skipped.
Refreshing native plugins compatible for Editor in 5.49 ms, found 13 plugins.
Native extension for WindowsStandalone target not found
[Package Manager] Failed to launch server process. Reason: Unity was launched with the -noUpm command-line argument
[Package Manager] Unable to send message (not connected to server process).
[Package Manager] Cannot connect to Unity Package Manager local server
Refreshing native plugins compatible for Editor in 6.70 ms, found 13 plugins.
[Package Manager] Failed to launch server process. Reason: Unity was launched with the -noUpm command-line argument
[Package Manager] Unable to send message (not connected to server process).
[Package Manager] Cannot connect to Unity Package Manager local server
ScheduleIndexationOnStartup MainProcess:False IndexOnStartup:True
Mono: successfully reloaded assembly
[Package Manager] Failed to launch server process. Reason: Unity was launched with the -noUpm command-line argument
[Package Manager] Unable to send message (not connected to server process).
[Package Manager] Cannot connect to Unity Package Manager local server
[Package Manager] Failed to launch server process. Reason: Unity was launched with the -noUpm command-line argument
[Package Manager] Unable to send message (not connected to server process).
[Package Manager] Cannot connect to Unity Package Manager local server
- Finished resetting the current domain, in  1.604 seconds
Domain Reload Profiling: 2788ms
	BeginReloadAssembly (218ms)
		DisableScriptedObjects (4ms)
		CreateAndSetChildDomain (32ms)
	RebuildCommonClasses (47ms)
	RebuildNativeTypeToScriptingClass (13ms)
	initialDomainReloadingComplete (170ms)
	LoadAllAssembliesAndSetupDomain (735ms)
		LoadAssemblies (535ms)
		AnalyzeDomain (325ms)
			TypeCache.Refresh (236ms)
				TypeCache.ScanAssembly (216ms)
			BuildScriptInfoCaches (75ms)
			ResolveRequiredComponents (12ms)
	FinalizeReload (1605ms)
		SetupLoadedEditorAssemblies (0ms)
			InitializePlatformSupportModulesInManaged (3ms)
			BeforeProcessingInitializeOnLoad (164ms)
			ProcessInitializeOnLoadAttributes (949ms)
			ProcessInitializeOnLoadMethodAttributes (186ms)
			AfterProcessingInitializeOnLoad (5ms)
		AwakeInstancesAfterBackupRestoration (6ms)
WARNING: Shader Unsupported: 'Hidden/Simulation/URP/Synthetic' - All subshaders removed
WARNING: Shader Did you use #pragma only_renderers and omit this platform?
WARNING: Shader If subshaders removal was intentional, you may have forgotten turning Fallback off?
WARNING: Shader Unsupported: 'Hidden/Simulation/Synthetic Lit' - All subshaders removed
WARNING: Shader Did you use #pragma only_renderers and omit this platform?
WARNING: Shader If subshaders removal was intentional, you may have forgotten turning Fallback off?
WARNING: Shader Unsupported: 'Simulation/Standard Lit' - All subshaders removed
WARNING: Shader Did you use #pragma only_renderers and omit this platform?
WARNING: Shader If subshaders removal was intentional, you may have forgotten turning Fallback off?
WARNING: Shader Unsupported: 'Simulation/URP/Room X-Ray' - All subshaders removed
WARNING: Shader Did you use #pragma only_renderers and omit this platform?
WARNING: Shader If subshaders removal was intentional, you may have forgotten turning Fallback off?
WARNING: Shader Unsupported: 'Simulation/Room X-Ray' - All subshaders removed
WARNING: Shader Did you use #pragma only_renderers and omit this platform?
WARNING: Shader If subshaders removal was intentional, you may have forgotten turning Fallback off?
WARNING: Shader Unsupported: 'Simulation/URP/Lit' - All subshaders removed
WARNING: Shader Did you use #pragma only_renderers and omit this platform?
WARNING: Shader If subshaders removal was intentional, you may have forgotten turning Fallback off?
Launched and connected shader compiler UnityShaderCompiler.exe after 0.02 seconds
Refreshing native plugins compatible for Editor in 5.18 ms, found 13 plugins.
Unloading 30 Unused Serialized files (Serialized files now loaded: 0)
Unloading 7345 unused Assets / (9.6 MB). Loaded Objects now: 8277.
Memory consumption went from 170.5 MB to 161.0 MB.
Total: 25.816000 ms (FindLiveObjects: 1.777000 ms CreateObjectMapping: 0.876300 ms MarkObjects: 17.486900 ms  DeleteObjects: 5.673200 ms)

========================================================================
Received Import Request.
  Time since last request: 2718.913237 seconds.
  path: Assets/HIDE.wav
  importAddress: Guid(d56df25c612ee1c458fce7744e320013) Importer(2089858483,b0f066a214c2f5e87bad3c948f4d605d)
Start importing Assets/HIDE.wav using Guid(d56df25c612ee1c458fce7744e320013) Importer(2089858483,b0f066a214c2f5e87bad3c948f4d605d) (ScriptedImporter) -> (Import Result ID: 'f4b92210f913722d3dcf1ce2eb2c406c') in 0.1169739 seconds [static and dynamic dependencies]. Details - ImportResultOutputID=049a491263836587421a6e1eb614b7ba DependenciesID=6b581dff2b8cd7195a53da7bbe1d605f StaticDependenciesID=4d10c50302045c6cb086bc0b44fd2c12 
Number of updated asset objects reloaded before import = 2Number of asset objects unloaded after import = 1

========================================================================
Received Import Request.
  Time since last request: 0.000025 seconds.
  path: Assets/Settings/Project Configuration/Quality URP Config.asset
  importAddress: Guid(cf6a652e94858004a93399f0a3dac507) Importer(2089858483,b0f066a214c2f5e87bad3c948f4d605d)
Start importing Assets/Settings/Project Configuration/Quality URP Config.asset using Guid(cf6a652e94858004a93399f0a3dac507) Importer(2089858483,b0f066a214c2f5e87bad3c948f4d605d) (ScriptedImporter) -> (Import Result ID: 'dbdaad874501eebd7fe558c5eec849e2') in 0.0659568 seconds [static and dynamic dependencies]. Details - ImportResultOutputID=2578fc371de2cdc75ddc179a6ea3a00a DependenciesID=661ba511aa3ac5d074a39627e3a3f8b4 StaticDependenciesID=faa2efeaeb03dcfae194e71bbbc701e1 
Number of updated asset objects reloaded before import = 0Number of asset objects unloaded after import = 2

========================================================================
Received Import Request.
  Time since last request: 0.000025 seconds.
  path: Assets/TextMesh Pro/Shaders/TMP_SDF-Surface.shader
  importAddress: Guid(f7ada0af4f174f0694ca6a487b8f543d) Importer(2089858483,b0f066a214c2f5e87bad3c948f4d605d)
Start importing Assets/TextMesh Pro/Shaders/TMP_SDF-Surface.shader using Guid(f7ada0af4f174f0694ca6a487b8f543d) Importer(2089858483,b0f066a214c2f5e87bad3c948f4d605d) (ScriptedImporter) -> (Import Result ID: '1a64e50c4c00670aa27b3c6963bdb586') in 0.0087081 seconds [static and dynamic dependencies]. Details - ImportResultOutputID=33b6ef7e4fee837f0bace13250f4c5fd DependenciesID=fdacfda39366ab1b6fa3f40c20a9a1c8 StaticDependenciesID=4be9fe2bc8c8a5e12a808b7d050f93d3 
Number of updated asset objects reloaded before import = 0Number of asset objects unloaded after import = 1

========================================================================
Received Import Request.
  Time since last request: 0.000014 seconds.
  path: Assets/ObjectMatrix.mat
  importAddress: Guid(324ebdbd72b6cd442bdac139b38daf0c) Importer(2089858483,b0f066a214c2f5e87bad3c948f4d605d)
Start importing Assets/ObjectMatrix.mat using Guid(324ebdbd72b6cd442bdac139b38daf0c) Importer(2089858483,b0f066a214c2f5e87bad3c948f4d605d) (ScriptedImporter) -> (Import Result ID: '947b0482af2f4992d3c3df18966022ec') in 0.0117078 seconds [static and dynamic dependencies]. Details - ImportResultOutputID=58d25a505108615d487dccf16ed21766 DependenciesID=fdc7582ea259c9b48ca41af9be067473 StaticDependenciesID=90920bd5c6672e8384ac01090fca1e31 
Number of updated asset objects reloaded before import = 0Number of asset objects unloaded after import = 1

========================================================================
Received Import Request.
  Time since last request: 0.000014 seconds.
  path: Assets/VRTemplateAssets/Scripts/BooleanToggleVisualsController.cs
  importAddress: Guid(f390e213230ce1d42a51aed871ab74ce) Importer(2089858483,b0f066a214c2f5e87bad3c948f4d605d)
Start importing Assets/VRTemplateAssets/Scripts/BooleanToggleVisualsController.cs using Guid(f390e213230ce1d42a51aed871ab74ce) Importer(2089858483,b0f066a214c2f5e87bad3c948f4d605d) (ScriptedImporter) -> (Import Result ID: '333c43ad349ad86f5155fe4794c68828') in 0.0083546 seconds [static and dynamic dependencies]. Details - ImportResultOutputID=70376d63ba3f94ad1894fd3e4f5b27e3 DependenciesID=c701c5ae598147c17c326b1c1c9d14e1 StaticDependenciesID=d3da87fe6d088771781383aa14e79f4c 
Number of updated asset objects reloaded before import = 0Number of asset objects unloaded after import = 0

========================================================================
Received Import Request.
  Time since last request: 0.000017 seconds.
  path: Assets/VRTemplateAssets/Themes/EdgeColorAffordanceTheme.asset
  importAddress: Guid(3f64ff74c0b83314ba0d51fd6312625b) Importer(2089858483,b0f066a214c2f5e87bad3c948f4d605d)
Start importing Assets/VRTemplateAssets/Themes/EdgeColorAffordanceTheme.asset using Guid(3f64ff74c0b83314ba0d51fd6312625b) Importer(2089858483,b0f066a214c2f5e87bad3c948f4d605d) (ScriptedImporter) -> (Import Result ID: '9dd348d000c9e0b7f61a95f022386fab') in 0.0109391 seconds [static and dynamic dependencies]. Details - ImportResultOutputID=9729e6b280ec5951389bbbe89d579cfe DependenciesID=8ba73ef3cec271f86c90b78c3c6240fa StaticDependenciesID=151a02a1762fc3eb29bc63279c5e9612 
Number of updated asset objects reloaded before import = 0Number of asset objects unloaded after import = 1

========================================================================
Received Import Request.
  Time since last request: 0.000015 seconds.
  path: Assets/TextMesh Pro/Shaders/TMPro_Properties.cginc
  importAddress: Guid(3997e2241185407d80309a82f9148466) Importer(2089858483,b0f066a214c2f5e87bad3c948f4d605d)
Start importing Assets/TextMesh Pro/Shaders/TMPro_Properties.cginc using Guid(3997e2241185407d80309a82f9148466) Importer(2089858483,b0f066a214c2f5e87bad3c948f4d605d) (ScriptedImporter) -> (Import Result ID: '9665d42f74ed31d44f2b1a343561052f') in 0.0035959 seconds [static and dynamic dependencies]. Details - ImportResultOutputID=2082708a0100244961fffd25018036e8 DependenciesID=19860109b409011401684c6ed90375f6 StaticDependenciesID=871c38b660f61575e3e3f6d0cfad6505 
Number of updated asset objects reloaded before import = 0Number of asset objects unloaded after import = 1

========================================================================
Received Import Request.
  Time since last request: 0.000017 seconds.
  path: Assets/TextMesh Pro/Shaders/TMP_SDF-Mobile Overlay.shader
  importAddress: Guid(a02a7d8c237544f1962732b55a9aebf1) Importer(2089858483,b0f066a214c2f5e87bad3c948f4d605d)
Start importing Assets/TextMesh Pro/Shaders/TMP_SDF-Mobile Overlay.shader using Guid(a02a7d8c237544f1962732b55a9aebf1) Importer(2089858483,b0f066a214c2f5e87bad3c948f4d605d) (ScriptedImporter) -> (Import Result ID: '872a99818257500e3c6a426226c11510') in 0.003749 seconds [static and dynamic dependencies]. Details - ImportResultOutputID=a9b534e1b8d66966ccd14389e2ed4a15 DependenciesID=dba8babbb889a01ab1b10b9516bbd1c6 StaticDependenciesID=0cd9ea97f68392fe6cbce5de52c408ad 
Number of updated asset objects reloaded before import = 0Number of asset objects unloaded after import = 1

========================================================================
Received Import Request.
  Time since last request: 0.000018 seconds.
  path: Assets/TextMesh Pro/Shaders/TMPro_Surface.cginc
  importAddress: Guid(d930090c0cd643c7b55f19a38538c162) Importer(2089858483,b0f066a214c2f5e87bad3c948f4d605d)
Start importing Assets/TextMesh Pro/Shaders/TMPro_Surface.cginc using Guid(d930090c0cd643c7b55f19a38538c162) Importer(2089858483,b0f066a214c2f5e87bad3c948f4d605d) (ScriptedImporter) -> (Import Result ID: '18743289da3676d918bc78737c6dc42d') in 0.0033345 seconds [static and dynamic dependencies]. Details - ImportResultOutputID=8306968b7b0d6075b93a8d2dda3fa648 DependenciesID=573c36afd5e8feb4d0fdd0d70e3d598b StaticDependenciesID=eec8584de456bbf2f5c578ec6a4463b7 
Number of updated asset objects reloaded before import = 0Number of asset objects unloaded after import = 1

========================================================================
Received Import Request.
  Time since last request: 0.000026 seconds.
  path: Assets/VRTemplateAssets/Shaders/InteractablePrimitive.shadergraph
  importAddress: Guid(8ccee1dee7490414ea7e8ad2b953c3e1) Importer(2089858483,b0f066a214c2f5e87bad3c948f4d605d)
Start importing Assets/VRTemplateAssets/Shaders/InteractablePrimitive.shadergraph using Guid(8ccee1dee7490414ea7e8ad2b953c3e1) Importer(2089858483,b0f066a214c2f5e87bad3c948f4d605d) (ScriptedImporter) -> (Import Result ID: '4b60b807224453f1abd0a9a3a06ec4fd') in 0.0190067 seconds [static and dynamic dependencies]. Details - ImportResultOutputID=2389aa4c6e27a6b60bbc1d1916967868 DependenciesID=2bcc35e5dd141e09650eacc6e6f71018 StaticDependenciesID=ddbb75f52fd42c8657aadd0e8cb07a8d 
Number of updated asset objects reloaded before import = 0Number of asset objects unloaded after import = 5

========================================================================
Received Import Request.
  Time since last request: 0.000016 seconds.
  path: Assets/XR/Settings/OpenXRPackageSettings.asset
  importAddress: Guid(3dd11dcd12272e54f8a19d8224e35f53) Importer(2089858483,b0f066a214c2f5e87bad3c948f4d605d)
Start importing Assets/XR/Settings/OpenXRPackageSettings.asset using Guid(3dd11dcd12272e54f8a19d8224e35f53) Importer(2089858483,b0f066a214c2f5e87bad3c948f4d605d) (ScriptedImporter) -> (Import Result ID: 'd331b05b975abbc2df4a61df05e7d56f') in 0.1370288 seconds [static and dynamic dependencies]. Details - ImportResultOutputID=533c1d01cfa3718f80c66879d13e8195 DependenciesID=7b049ff7cb4042d5441d6ad231f02e82 StaticDependenciesID=a3c15b8cec380b61dcfa9a916dbf88f7 
Number of updated asset objects reloaded before import = 0Number of asset objects unloaded after import = 1

========================================================================
Received Import Request.
  Time since last request: 0.000036 seconds.
  path: Assets/XR/Settings/OpenXR Editor Settings.asset
  importAddress: Guid(60875628f7c5cc64b96a1c52b719375d) Importer(2089858483,b0f066a214c2f5e87bad3c948f4d605d)
Start importing Assets/XR/Settings/OpenXR Editor Settings.asset using Guid(60875628f7c5cc64b96a1c52b719375d) Importer(2089858483,b0f066a214c2f5e87bad3c948f4d605d) (ScriptedImporter) -> (Import Result ID: 'de319efac89db0182d2c59f17e6b7c86') in 0.0112055 seconds [static and dynamic dependencies]. Details - ImportResultOutputID=7583ad3308e28ff41b23f51dd29a925a DependenciesID=b3f4fe4748b0724b43c58a7a4350d033 StaticDependenciesID=bf1b7a0aa607f4e93036c8918fd447b1 
Number of updated asset objects reloaded before import = 0Number of asset objects unloaded after import = 1

========================================================================
Received Import Request.
  Time since last request: 0.000029 seconds.
  path: Assets/VRTemplateAssets/Fonts/Inter/Inter-Regular SDF NoBackfaceCulling.asset
  importAddress: Guid(fbb7c6a04be6d8341934b839f24b42e1) Importer(2089858483,b0f066a214c2f5e87bad3c948f4d605d)
Start importing Assets/VRTemplateAssets/Fonts/Inter/Inter-Regular SDF NoBackfaceCulling.asset using Guid(fbb7c6a04be6d8341934b839f24b42e1) Importer(2089858483,b0f066a214c2f5e87bad3c948f4d605d) (ScriptedImporter) -> (Import Result ID: '85ba18999b031b61b74d4e1133e314a9') in 0.0367441 seconds [static and dynamic dependencies]. Details - ImportResultOutputID=43152be9e75874333e9ea245f7e65737 DependenciesID=660fd06c53c14eedff1d55d0084e94bb StaticDependenciesID=e54a7a671cc976599c6ad6eca327f3a7 
Number of updated asset objects reloaded before import = 0Number of asset objects unloaded after import = 3

========================================================================
Received Import Request.
  Time since last request: 0.000023 seconds.
  path: Assets/TextMesh Pro/Shaders/TMPro_Mobile.cginc
  importAddress: Guid(c334973cef89a9840b0b0c507e0377ab) Importer(2089858483,b0f066a214c2f5e87bad3c948f4d605d)
Start importing Assets/TextMesh Pro/Shaders/TMPro_Mobile.cginc using Guid(c334973cef89a9840b0b0c507e0377ab) Importer(2089858483,b0f066a214c2f5e87bad3c948f4d605d) (ScriptedImporter) -> (Import Result ID: 'f4d77ba72aa5b8e45bebc17a8711e0cc') in 0.0041685 seconds [static and dynamic dependencies]. Details - ImportResultOutputID=be761c465b6418b4432e947668858697 DependenciesID=67a5bfd74f523676e311eff6d34b725c StaticDependenciesID=a8fd9108aa46c2c7a1414b2243800e58 
Number of updated asset objects reloaded before import = 0Number of asset objects unloaded after import = 1

========================================================================
Received Import Request.
  Time since last request: 0.000015 seconds.
  path: Assets/VRTemplateAssets/Fonts/Inter/Inter-Regular SDF Overlay Outline Material.mat
  importAddress: Guid(69cb2ba794a087b4abdf1b00110f8c3b) Importer(2089858483,b0f066a214c2f5e87bad3c948f4d605d)
Start importing Assets/VRTemplateAssets/Fonts/Inter/Inter-Regular SDF Overlay Outline Material.mat using Guid(69cb2ba794a087b4abdf1b00110f8c3b) Importer(2089858483,b0f066a214c2f5e87bad3c948f4d605d) (ScriptedImporter) -> (Import Result ID: 'e5e8f3be6d74244c6b99e138f4800872') in 0.0101729 seconds [static and dynamic dependencies]. Details - ImportResultOutputID=c07a6f8d7d9d37070b44471cbd7716e2 DependenciesID=1898ea3dd47a8306c700c85eeea4f3ef StaticDependenciesID=e351e14ec3a5d070b1fde63392bc0548 
Number of updated asset objects reloaded before import = 0Number of asset objects unloaded after import = 2

========================================================================
Received Import Request.
  Time since last request: 0.000022 seconds.
  path: Assets/VRTemplateAssets/Audio/Button_22_click.wav
  importAddress: Guid(d14b106713a74b448bcab90869f1706e) Importer(2089858483,b0f066a214c2f5e87bad3c948f4d605d)
Start importing Assets/VRTemplateAssets/Audio/Button_22_click.wav using Guid(d14b106713a74b448bcab90869f1706e) Importer(2089858483,b0f066a214c2f5e87bad3c948f4d605d) (ScriptedImporter) -> (Import Result ID: '1e24a162c5016c7d10c94d0c7e0131d1') in 0.0090196 seconds [static and dynamic dependencies]. Details - ImportResultOutputID=103a6fcfb6e0685a4e0ece0776484e44 DependenciesID=2dc3c27bad930089b722fd2ba0d1e523 StaticDependenciesID=ba7c8730309cdc5d94b1b81da500a4aa 
Number of updated asset objects reloaded before import = 0Number of asset objects unloaded after import = 1

========================================================================
Received Import Request.
  Time since last request: 0.000021 seconds.
  path: Assets/TextMesh Pro/Resources/Fonts & Materials/LiberationSans SDF - Drop Shadow.mat
  importAddress: Guid(e73a58f6e2794ae7b1b7e50b7fb811b0) Importer(2089858483,b0f066a214c2f5e87bad3c948f4d605d)
Start importing Assets/TextMesh Pro/Resources/Fonts & Materials/LiberationSans SDF - Drop Shadow.mat using Guid(e73a58f6e2794ae7b1b7e50b7fb811b0) Importer(2089858483,b0f066a214c2f5e87bad3c948f4d605d) (ScriptedImporter) -> (Import Result ID: 'f6d77e883b7231a734fae4fef112126b') in 0.0127244 seconds [static and dynamic dependencies]. Details - ImportResultOutputID=ba671d0e09bd86217821ee9a58df124e DependenciesID=e8345582a58905e7b7f7e23ff881c649 StaticDependenciesID=74cf238c3cf17115dd04b50fe7bc2968 
Number of updated asset objects reloaded before import = 0Number of asset objects unloaded after import = 2

========================================================================
Received Import Request.
  Time since last request: 0.000041 seconds.
  path: Assets/Scenes/SampleScene/Lightmap-0_comp_shadowmask.png
  importAddress: Guid(5b272b86282919a4488341408a338239) Importer(2089858483,b0f066a214c2f5e87bad3c948f4d605d)
Start importing Assets/Scenes/SampleScene/Lightmap-0_comp_shadowmask.png using Guid(5b272b86282919a4488341408a338239) Importer(2089858483,b0f066a214c2f5e87bad3c948f4d605d) (ScriptedImporter) -> (Import Result ID: '3b4d4e080a29097e80e75b802895f396') in 0.0384804 seconds [static and dynamic dependencies]. Details - ImportResultOutputID=1e65f9fd7c3598c580fff81b5eac9b16 DependenciesID=e04b64ec81980ee1b3357ef68b61e49d StaticDependenciesID=a4c2a777ce86fc32540fe69c28ae8721 
Number of updated asset objects reloaded before import = 0Number of asset objects unloaded after import = 1

========================================================================
Received Import Request.
  Time since last request: 0.000016 seconds.
  path: Assets/VRTemplateAssets/Materials/Controller/Controller.mat
  importAddress: Guid(ed99ca2a07c091541937eaa1d1225edf) Importer(2089858483,b0f066a214c2f5e87bad3c948f4d605d)
Start importing Assets/VRTemplateAssets/Materials/Controller/Controller.mat using Guid(ed99ca2a07c091541937eaa1d1225edf) Importer(2089858483,b0f066a214c2f5e87bad3c948f4d605d) (ScriptedImporter) -> (Import Result ID: '1c770c224d2e6c48c346a80a23808d28') in 0.0118547 seconds [static and dynamic dependencies]. Details - ImportResultOutputID=2f98d04b45a86ae471a5f38a7eea2a4a DependenciesID=ad21aadea8c47d05890c12eef59e677a StaticDependenciesID=7cc2300ed919a5be26cea9c862dea30d 
Number of updated asset objects reloaded before import = 0Number of asset objects unloaded after import = 1

========================================================================
Received Import Request.
  Time since last request: 0.000016 seconds.
  path: Assets/VRTemplateAssets/Materials/Controller/Blue.mat
  importAddress: Guid(2c994d22a9398f64d9292e3849f59f92) Importer(2089858483,b0f066a214c2f5e87bad3c948f4d605d)
Start importing Assets/VRTemplateAssets/Materials/Controller/Blue.mat using Guid(2c994d22a9398f64d9292e3849f59f92) Importer(2089858483,b0f066a214c2f5e87bad3c948f4d605d) (ScriptedImporter) -> (Import Result ID: '1be05603e38e3facc9e04fb58f343958') in 0.003533 seconds [static and dynamic dependencies]. Details - ImportResultOutputID=e633f1d607dcf4f26aed2d182bf9d195 DependenciesID=198732e6f779057714ade8bb9f35581a StaticDependenciesID=a878f377284e06be83a3b1c36e50572a 
Number of updated asset objects reloaded before import = 0Number of asset objects unloaded after import = 1

========================================================================
Received Import Request.
  Time since last request: 0.000013 seconds.
  path: Assets/VRTemplateAssets/Materials/Environment/Concrete.mat
  importAddress: Guid(00dc025bc6aa88645ad0114c7607fb6f) Importer(2089858483,b0f066a214c2f5e87bad3c948f4d605d)
Start importing Assets/VRTemplateAssets/Materials/Environment/Concrete.mat using Guid(00dc025bc6aa88645ad0114c7607fb6f) Importer(2089858483,b0f066a214c2f5e87bad3c948f4d605d) (ScriptedImporter) -> (Import Result ID: '43be78b81f06e4de98351fcc88b9d37b') in 0.0108464 seconds [static and dynamic dependencies]. Details - ImportResultOutputID=d065ce4bc83dbb154c3db27b864952e5 DependenciesID=2855342594b92ad01b7b2391d3830c52 StaticDependenciesID=72a11236be1e9a6bab528ea2a1770d0d 
Number of updated asset objects reloaded before import = 0Number of asset objects unloaded after import = 3

========================================================================
Received Import Request.
  Time since last request: 0.000019 seconds.
  path: Assets/VRTemplateAssets/Materials/Anchor Materials/Blue Anchor Arrow.mat
  importAddress: Guid(e42270a11c28f4744b73a18278e4ef33) Importer(2089858483,b0f066a214c2f5e87bad3c948f4d605d)
Start importing Assets/VRTemplateAssets/Materials/Anchor Materials/Blue Anchor Arrow.mat using Guid(e42270a11c28f4744b73a18278e4ef33) Importer(2089858483,b0f066a214c2f5e87bad3c948f4d605d) (ScriptedImporter) -> (Import Result ID: 'a6868dc94d2215e9904a41688353d0fb') in 0.0055338 seconds [static and dynamic dependencies]. Details - ImportResultOutputID=7826129551e393322e44e1b21e2d4caf DependenciesID=c2a56963193d3b0801bec4705af55b9e StaticDependenciesID=8131fa46c4f18ab383313eaa7ac0905c 
Number of updated asset objects reloaded before import = 0Number of asset objects unloaded after import = 1

========================================================================
Received Import Request.
  Time since last request: 0.000050 seconds.
  path: Assets/XR/AndroidXR/AndroidXRSettingsInitializer
  importAddress: Guid(3fec5b1471b1cc94b8c784fe0555f504) Importer(2089858483,b0f066a214c2f5e87bad3c948f4d605d)
Start importing Assets/XR/AndroidXR/AndroidXRSettingsInitializer using Guid(3fec5b1471b1cc94b8c784fe0555f504) Importer(2089858483,b0f066a214c2f5e87bad3c948f4d605d) (ScriptedImporter) -> (Import Result ID: 'b62e21175ceb53c32015b9484611196a') in 0.0037846 seconds [static and dynamic dependencies]. Details - ImportResultOutputID=465d6c689f31292bd8cd8407c1c883d0 DependenciesID=b508beb4f3526980033e36fe59ef63fa StaticDependenciesID=6a802caf983aa5655a7d7e339bf32420 
Number of updated asset objects reloaded before import = 0Number of asset objects unloaded after import = 1

========================================================================
Received Import Request.
  Time since last request: 0.000028 seconds.
  path: Assets/Scenes/BasicScene/Grid_Light_512x512.png
  importAddress: Guid(8685512c7856ffd40a4ad1859a7cb52c) Importer(2089858483,b0f066a214c2f5e87bad3c948f4d605d)
Start importing Assets/Scenes/BasicScene/Grid_Light_512x512.png using Guid(8685512c7856ffd40a4ad1859a7cb52c) Importer(2089858483,b0f066a214c2f5e87bad3c948f4d605d) (ScriptedImporter) -> (Import Result ID: '641226898116bb7e561c2662698ce7ad') in 0.0067982 seconds [static and dynamic dependencies]. Details - ImportResultOutputID=1257e5a1e33abf93c6e8047939316a7b DependenciesID=d8e1401546a7d84588299837ecbc97c8 StaticDependenciesID=b34149b04618b9c7ea348df7f36ba3d6 
Number of updated asset objects reloaded before import = 0Number of asset objects unloaded after import = 1

========================================================================
Received Import Request.
  Time since last request: 0.000014 seconds.
  path: Assets/Settings/Project Configuration/Standalone Preset.asset
  importAddress: Guid(b4712bf26326e8a4286df35b4a6d2b19) Importer(2089858483,b0f066a214c2f5e87bad3c948f4d605d)
Start importing Assets/Settings/Project Configuration/Standalone Preset.asset using Guid(b4712bf26326e8a4286df35b4a6d2b19) Importer(2089858483,b0f066a214c2f5e87bad3c948f4d605d) (ScriptedImporter) -> (Import Result ID: '101b2689f8e83d53e5c0cb9a70135579') in 0.0210274 seconds [static and dynamic dependencies]. Details - ImportResultOutputID=2f56a8d5a2baca95aae5f61e8ea6dcb6 DependenciesID=8b83339358384709ed411c2a97f2d64a StaticDependenciesID=280ec6ead7698a3694117bb2072a7e11 
Number of updated asset objects reloaded before import = 0Number of asset objects unloaded after import = 1

========================================================================
Received Import Request.
  Time since last request: 0.000020 seconds.
  path: Assets/VRTemplateAssets/Shaders/TexturedFresnelStandard.shader
  importAddress: Guid(5e723135b0fd1e34ba403dc074c61877) Importer(2089858483,b0f066a214c2f5e87bad3c948f4d605d)
Start importing Assets/VRTemplateAssets/Shaders/TexturedFresnelStandard.shader using Guid(5e723135b0fd1e34ba403dc074c61877) Importer(2089858483,b0f066a214c2f5e87bad3c948f4d605d) (ScriptedImporter) -> (Import Result ID: 'a45419a36b7788576bfac9bb9b6eabdc') in 0.004008 seconds [static and dynamic dependencies]. Details - ImportResultOutputID=c10a4e0e755f5e3573b9bf2ae219f309 DependenciesID=121f28c9f45d4cee3481d51e3a9a9acf StaticDependenciesID=142b677c90c7032bca3660e4c633c732 
Number of updated asset objects reloaded before import = 0Number of asset objects unloaded after import = 1

========================================================================
Received Import Request.
  Time since last request: 0.000016 seconds.
  path: Assets/VertexField/Lost Hospital/demo_scene/demo_operation_tableSettings.lighting
  importAddress: Guid(c8f83149dac0bae44b531d25aa0a4718) Importer(2089858483,b0f066a214c2f5e87bad3c948f4d605d)
Start importing Assets/VertexField/Lost Hospital/demo_scene/demo_operation_tableSettings.lighting using Guid(c8f83149dac0bae44b531d25aa0a4718) Importer(2089858483,b0f066a214c2f5e87bad3c948f4d605d) (ScriptedImporter)LightingSettings: switching bake backend from 2 to 1.
 -> (Import Result ID: '18063f45257f844e867ae2c6a81d0fb2') in 0.0139228 seconds [static and dynamic dependencies]. Details - ImportResultOutputID=a6e6359489fddbd03fbe9444ccaa2d06 DependenciesID=ea4c2f157a05a8ca0c3d4779219c8fad StaticDependenciesID=a21baed5161933b63019b40148107fef 
Number of updated asset objects reloaded before import = 0Number of asset objects unloaded after import = 1

========================================================================
Received Import Request.
  Time since last request: 0.000023 seconds.
  path: Assets/VRTemplateAssets/Graphics/Post Process Volume Profile.asset
  importAddress: Guid(12bd4b8ecc486d84b9e059255860c49b) Importer(2089858483,b0f066a214c2f5e87bad3c948f4d605d)
Start importing Assets/VRTemplateAssets/Graphics/Post Process Volume Profile.asset using Guid(12bd4b8ecc486d84b9e059255860c49b) Importer(2089858483,b0f066a214c2f5e87bad3c948f4d605d) (ScriptedImporter) -> (Import Result ID: '15054d71747d3d6ebf6c260ad7dd47d9') in 0.0052773 seconds [static and dynamic dependencies]. Details - ImportResultOutputID=ef81785707f4fbdaa6dcbfd89345c7c6 DependenciesID=93c6dbf64b7c8890a2e57a56bf0b3490 StaticDependenciesID=19a598340935d29578fbceba53798cdb 
Number of updated asset objects reloaded before import = 0Number of asset objects unloaded after import = 7

========================================================================
Received Import Request.
  Time since last request: 0.000070 seconds.
  path: Assets/VertexField/Lost Hospital/meshes/opertation_table_mesh.fbx
  importAddress: Guid(ec39eab1b0683a24181897af58c5cf0f) Importer(2089858483,b0f066a214c2f5e87bad3c948f4d605d)
Start importing Assets/VertexField/Lost Hospital/meshes/opertation_table_mesh.fbx using Guid(ec39eab1b0683a24181897af58c5cf0f) Importer(2089858483,b0f066a214c2f5e87bad3c948f4d605d) (ScriptedImporter) -> (Import Result ID: 'cafc6ab35a16f3c488bc1bf3e77b0e8b') in 0.0314665 seconds [static and dynamic dependencies]. Details - ImportResultOutputID=c36d01a87aafa3267c663c88fe5214ad DependenciesID=4ed7c7577be32598a366e7f5df1f2b5f StaticDependenciesID=137d302b88d7e78b74537ffa11e612cd 
Number of updated asset objects reloaded before import = 0Number of asset objects unloaded after import = 25

========================================================================
Received Import Request.
  Time since last request: 0.000024 seconds.
  path: Assets/VRTemplateAssets/Materials/Particles/ConfettiParticles.mat
  importAddress: Guid(456e2158124c0aa40bf9eceb850dfdb4) Importer(2089858483,b0f066a214c2f5e87bad3c948f4d605d)
Start importing Assets/VRTemplateAssets/Materials/Particles/ConfettiParticles.mat using Guid(456e2158124c0aa40bf9eceb850dfdb4) Importer(2089858483,b0f066a214c2f5e87bad3c948f4d605d) (ScriptedImporter) -> (Import Result ID: '979df65844afffbfef6c3c82cbcf19e2') in 0.0089973 seconds [static and dynamic dependencies]. Details - ImportResultOutputID=8fc3535423fa0e71204899c06971c8ca DependenciesID=55e7aec7334a971abbacda3425300489 StaticDependenciesID=b7c46883f27e640a41c32935cc1066a5 
Number of updated asset objects reloaded before import = 0Number of asset objects unloaded after import = 1

========================================================================
Received Import Request.
  Time since last request: 0.000015 seconds.
  path: Assets/VRTemplateAssets/Materials/Environment/Grid Dark Large.mat
  importAddress: Guid(8d599e4346a731a4b9b3e27a818c7047) Importer(2089858483,b0f066a214c2f5e87bad3c948f4d605d)
Start importing Assets/VRTemplateAssets/Materials/Environment/Grid Dark Large.mat using Guid(8d599e4346a731a4b9b3e27a818c7047) Importer(2089858483,b0f066a214c2f5e87bad3c948f4d605d) (ScriptedImporter) -> (Import Result ID: '4af9d98830a0f2bbb3414be336fef71a') in 0.0038273 seconds [static and dynamic dependencies]. Details - ImportResultOutputID=3053d30904b4603a07043e065a1a0e9f DependenciesID=624f068244e392da683b7c9b3ca4e8d7 StaticDependenciesID=2677cecdc9650586c1d784c0a57d4c42 
Number of updated asset objects reloaded before import = 0Number of asset objects unloaded after import = 1

========================================================================
Received Import Request.
  Time since last request: 0.000019 seconds.
  path: Assets/VRTemplateAssets/Materials/Environment/wall2_Height.png
  importAddress: Guid(8002692e17ddbbf4d89c025c4679de37) Importer(2089858483,b0f066a214c2f5e87bad3c948f4d605d)
Start importing Assets/VRTemplateAssets/Materials/Environment/wall2_Height.png using Guid(8002692e17ddbbf4d89c025c4679de37) Importer(2089858483,b0f066a214c2f5e87bad3c948f4d605d) (ScriptedImporter) -> (Import Result ID: '5ec9262ee22a8676ab5adb0775d1bd8d') in 0.010723 seconds [static and dynamic dependencies]. Details - ImportResultOutputID=7ca683a06be6da80f25847af90dd4a41 DependenciesID=212f7bc034ed23a5581ab6c1c6f5b930 StaticDependenciesID=c117dc4ef9fcb31ad80de513a89d4077 
Number of updated asset objects reloaded before import = 0Number of asset objects unloaded after import = 1

========================================================================
Received Import Request.
  Time since last request: 0.000021 seconds.
  path: Assets/VRTemplateAssets/Materials/Locomotion/Standard White.mat
  importAddress: Guid(6691c89fc6fbbb44cb5af52391da7129) Importer(2089858483,b0f066a214c2f5e87bad3c948f4d605d)
Start importing Assets/VRTemplateAssets/Materials/Locomotion/Standard White.mat using Guid(6691c89fc6fbbb44cb5af52391da7129) Importer(2089858483,b0f066a214c2f5e87bad3c948f4d605d) (ScriptedImporter) -> (Import Result ID: '842aa8afd1ac98e3fae23f8a86360545') in 0.0045288 seconds [static and dynamic dependencies]. Details - ImportResultOutputID=ba6aa123bc8b88ec4ad07c4073a0f669 DependenciesID=6f9b6d48cbbe606060b6f0f197ff8a6c StaticDependenciesID=eaf10b28de5e2471a28ac723eb346280 
Number of updated asset objects reloaded before import = 0Number of asset objects unloaded after import = 1

========================================================================
Received Import Request.
  Time since last request: 0.000015 seconds.
  path: Assets/VRTemplateAssets/Materials/Environment/wall_Height.png
  importAddress: Guid(b2766e330f67bc74b90720c501d9fe01) Importer(2089858483,b0f066a214c2f5e87bad3c948f4d605d)
Start importing Assets/VRTemplateAssets/Materials/Environment/wall_Height.png using Guid(b2766e330f67bc74b90720c501d9fe01) Importer(2089858483,b0f066a214c2f5e87bad3c948f4d605d) (ScriptedImporter) -> (Import Result ID: 'd0500013e21d845f8565f0709c2abffe') in 0.0107145 seconds [static and dynamic dependencies]. Details - ImportResultOutputID=5d9747a34e5ee7dc610dc3d6a9bff892 DependenciesID=46d2c929527a821bc8b63a885e807a2c StaticDependenciesID=371aa288d74a77f51606e1eafa5f9d3c 
Number of updated asset objects reloaded before import = 0Number of asset objects unloaded after import = 1

========================================================================
Received Import Request.
  Time since last request: 0.000027 seconds.
  path: Assets/VRTemplateAssets/Materials/Primitive/fabric_Normal_OpenGL.png
  importAddress: Guid(400b852fe920b6f4c88997509431791a) Importer(2089858483,b0f066a214c2f5e87bad3c948f4d605d)
Start importing Assets/VRTemplateAssets/Materials/Primitive/fabric_Normal_OpenGL.png using Guid(400b852fe920b6f4c88997509431791a) Importer(2089858483,b0f066a214c2f5e87bad3c948f4d605d) (ScriptedImporter) -> (Import Result ID: '1391613a031f03f11e54299c2510461c') in 0.0137692 seconds [static and dynamic dependencies]. Details - ImportResultOutputID=fe7d2140d2ac5f23cd10099016702189 DependenciesID=95ea903466d96d1cd13f53885470aa36 StaticDependenciesID=30519bbf43d555408d0eb37809810a34 
Number of updated asset objects reloaded before import = 0Number of asset objects unloaded after import = 1

========================================================================
Received Import Request.
  Time since last request: 0.000030 seconds.
  path: Assets/VRTemplateAssets/Materials/Environment/wall_Normal.png
  importAddress: Guid(466f65e6eb97c444181b23438d7b2757) Importer(2089858483,b0f066a214c2f5e87bad3c948f4d605d)
Start importing Assets/VRTemplateAssets/Materials/Environment/wall_Normal.png using Guid(466f65e6eb97c444181b23438d7b2757) Importer(2089858483,b0f066a214c2f5e87bad3c948f4d605d) (ScriptedImporter) -> (Import Result ID: '4af07747feca13fe2296dca42b4f96f6') in 0.0135344 seconds [static and dynamic dependencies]. Details - ImportResultOutputID=6269071d90de076ca5c7fa2f790ce862 DependenciesID=e2faafbe5844d2af0f59f0490b84c366 StaticDependenciesID=6a9366a3813a4c7d00a80637c66c827e 
Number of updated asset objects reloaded before import = 0Number of asset objects unloaded after import = 1

========================================================================
Received Import Request.
  Time since last request: 0.000026 seconds.
  path: Assets/VRTemplateAssets/Scripts/XRPokeFollowAffordanceFill.cs
  importAddress: Guid(0908100b30fe0ab4191734ae3261431f) Importer(2089858483,b0f066a214c2f5e87bad3c948f4d605d)
Start importing Assets/VRTemplateAssets/Scripts/XRPokeFollowAffordanceFill.cs using Guid(0908100b30fe0ab4191734ae3261431f) Importer(2089858483,b0f066a214c2f5e87bad3c948f4d605d) (ScriptedImporter) -> (Import Result ID: '93a768a3c6a61fbd3171fbc67876c0be') in 0.0076822 seconds [static and dynamic dependencies]. Details - ImportResultOutputID=f62f549ae3ebc389fddd236684480c93 DependenciesID=fb4c1706f1b7dc6a6c2b0554095b23b4 StaticDependenciesID=c9fbc5e51b8168379aa5a5af2f916b18 
Number of updated asset objects reloaded before import = 0Number of asset objects unloaded after import = 0

========================================================================
Received Import Request.
  Time since last request: 0.000026 seconds.
  path: Assets/VRTemplateAssets/Fonts/Inter/Inter-Regular SDF Material XRay Blue.mat
  importAddress: Guid(af07a37023b9de24a8da02768ceff3df) Importer(2089858483,b0f066a214c2f5e87bad3c948f4d605d)
Start importing Assets/VRTemplateAssets/Fonts/Inter/Inter-Regular SDF Material XRay Blue.mat using Guid(af07a37023b9de24a8da02768ceff3df) Importer(2089858483,b0f066a214c2f5e87bad3c948f4d605d) (ScriptedImporter) -> (Import Result ID: 'a51f3117d1a62a7f8c35148ecc6f2c2e') in 0.0343044 seconds [static and dynamic dependencies]. Details - ImportResultOutputID=09f297d336163d08c0a9b0ee4a69c5ea DependenciesID=dfd253cbb870972d1602778fcfe546c4 StaticDependenciesID=6309dd0f6130d672c804581866d84047 
Number of updated asset objects reloaded before import = 0Number of asset objects unloaded after import = 2

========================================================================
Received Import Request.
  Time since last request: 0.000037 seconds.
  path: Assets/Settings/Project Configuration/UniversalRenderPipelineGlobalSettings.asset
  importAddress: Guid(b14f41a94dde88c4fa9fed9ae80f7362) Importer(2089858483,b0f066a214c2f5e87bad3c948f4d605d)
Start importing Assets/Settings/Project Configuration/UniversalRenderPipelineGlobalSettings.asset using Guid(b14f41a94dde88c4fa9fed9ae80f7362) Importer(2089858483,b0f066a214c2f5e87bad3c948f4d605d) (ScriptedImporter) -> (Import Result ID: '26db94c2464a36c6dfef0bb02d931d57') in 0.0473223 seconds [static and dynamic dependencies]. Details - ImportResultOutputID=28f37790424cbb8bd9b28d85137d0787 DependenciesID=8ee4991ab4356888c67abf052318ecfa StaticDependenciesID=1a05bd5755ff2c96f99bf72d61fecd02 
Number of updated asset objects reloaded before import = 0Number of asset objects unloaded after import = 0

========================================================================
Received Import Request.
  Time since last request: 0.000063 seconds.
  path: Assets/VRTemplateAssets/Materials/Primitive/Interactables.physicMaterial
  importAddress: Guid(10bde48ef542d6a4fbee12145283824a) Importer(2089858483,b0f066a214c2f5e87bad3c948f4d605d)
Start importing Assets/VRTemplateAssets/Materials/Primitive/Interactables.physicMaterial using Guid(10bde48ef542d6a4fbee12145283824a) Importer(2089858483,b0f066a214c2f5e87bad3c948f4d605d) (ScriptedImporter) -> (Import Result ID: '19b6960b5af4b2bf509c899f85449353') in 0.0046473 seconds [static and dynamic dependencies]. Details - ImportResultOutputID=2d8b4086fab0c8a449115e10314be317 DependenciesID=1dfc2561c6b8eabca8dd689fb1dca040 StaticDependenciesID=900d8bdf869b02bf7a60499fdaf416ca 
Number of updated asset objects reloaded before import = 0Number of asset objects unloaded after import = 1

========================================================================
Received Import Request.
  Time since last request: 0.000017 seconds.
  path: Assets/VRTemplateAssets/Models/Anchor/AnchorFade.fbx
  importAddress: Guid(436757056de26e144b330984c539cecd) Importer(2089858483,b0f066a214c2f5e87bad3c948f4d605d)
Start importing Assets/VRTemplateAssets/Models/Anchor/AnchorFade.fbx using Guid(436757056de26e144b330984c539cecd) Importer(2089858483,b0f066a214c2f5e87bad3c948f4d605d) (ScriptedImporter) -> (Import Result ID: 'cdae6e827a3dd5bd2800659e533511a1') in 0.0329473 seconds [static and dynamic dependencies]. Details - ImportResultOutputID=d25d96812b0f78df797f70f8207cd88f DependenciesID=3a5d104a9ed4cd481f3b1d1eb492f3ee StaticDependenciesID=88df7e3d35408e20c670f2ca4d4eb7a9 
Number of updated asset objects reloaded before import = 0Number of asset objects unloaded after import = 8

========================================================================
Received Import Request.
  Time since last request: 0.000028 seconds.
  path: Assets/VRTemplateAssets/Materials/Primitive/torus_Base_color.png
  importAddress: Guid(ca79f6bd1241df749b5287c1ef0c0304) Importer(2089858483,b0f066a214c2f5e87bad3c948f4d605d)
Start importing Assets/VRTemplateAssets/Materials/Primitive/torus_Base_color.png using Guid(ca79f6bd1241df749b5287c1ef0c0304) Importer(2089858483,b0f066a214c2f5e87bad3c948f4d605d) (ScriptedImporter) -> (Import Result ID: 'b1b71d8180fb8237c28a163a5e972a53') in 0.0069511 seconds [static and dynamic dependencies]. Details - ImportResultOutputID=94e9e89c42704d28bac2e1068a5732d0 DependenciesID=81352f046253c9c46ebcff9e5e80066d StaticDependenciesID=0df25fbd7c4c9b817bf63603055bfc93 
Number of updated asset objects reloaded before import = 0Number of asset objects unloaded after import = 1

========================================================================
Received Import Request.
  Time since last request: 0.000019 seconds.
  path: Assets/VRTemplateAssets/Materials/Primitive/Interactables 5.mat
  importAddress: Guid(83eabfe673263a445972586e5d8b56ee) Importer(2089858483,b0f066a214c2f5e87bad3c948f4d605d)
Start importing Assets/VRTemplateAssets/Materials/Primitive/Interactables 5.mat using Guid(83eabfe673263a445972586e5d8b56ee) Importer(2089858483,b0f066a214c2f5e87bad3c948f4d605d) (ScriptedImporter) -> (Import Result ID: '722a35e13260ffd61d34d44965ea4ee4') in 0.0088734 seconds [static and dynamic dependencies]. Details - ImportResultOutputID=2371c4e67155c7302fd074a95d8c0758 DependenciesID=59ef4106c544e1a2b93236bc8a644856 StaticDependenciesID=4b59bfb4b6685ea93a2842c57859ab00 
Number of updated asset objects reloaded before import = 0Number of asset objects unloaded after import = 7

========================================================================
Received Import Request.
  Time since last request: 0.000019 seconds.
  path: Assets/VRTemplateAssets/Models/Anchor/AnchorBase.fbx
  importAddress: Guid(83053866027bda94da06cb09ab527394) Importer(2089858483,b0f066a214c2f5e87bad3c948f4d605d)
Start importing Assets/VRTemplateAssets/Models/Anchor/AnchorBase.fbx using Guid(83053866027bda94da06cb09ab527394) Importer(2089858483,b0f066a214c2f5e87bad3c948f4d605d) (ScriptedImporter) -> (Import Result ID: '0f9683ecd6c1841299e2792bb2b4434c') in 0.0095339 seconds [static and dynamic dependencies]. Details - ImportResultOutputID=37eac4ff850ce3f357c36520a81e0e8e DependenciesID=e3bf3c7a21f8ccd230da312ff90c4fd9 StaticDependenciesID=60be7263b900731127224adfaf517eca 
Number of updated asset objects reloaded before import = 0Number of asset objects unloaded after import = 8

========================================================================
Received Import Request.
  Time since last request: 0.000018 seconds.
  path: Assets/VRTemplateAssets/Materials/Primitive/torus_Normal_OpenGL.png
  importAddress: Guid(61033fc91ee928747a8829f85e481e0b) Importer(2089858483,b0f066a214c2f5e87bad3c948f4d605d)
Start importing Assets/VRTemplateAssets/Materials/Primitive/torus_Normal_OpenGL.png using Guid(61033fc91ee928747a8829f85e481e0b) Importer(2089858483,b0f066a214c2f5e87bad3c948f4d605d) (ScriptedImporter) -> (Import Result ID: '1a07aab95942da915aceb50f38e4f5b1') in 0.0082056 seconds [static and dynamic dependencies]. Details - ImportResultOutputID=e12089d07c68698896ecdf42a6a88f08 DependenciesID=1a2f7e2d8105fe6569a1425473df8dca StaticDependenciesID=12e1d764cb30252f98710e6e8f511a97 
Number of updated asset objects reloaded before import = 0Number of asset objects unloaded after import = 1

========================================================================
Received Import Request.
  Time since last request: 0.000027 seconds.
  path: Assets/VRTemplateAssets/Materials/Environment/Concrete_Albedo.tif
  importAddress: Guid(5803a7cd377fea04dbb2916a5d373150) Importer(2089858483,b0f066a214c2f5e87bad3c948f4d605d)
Start importing Assets/VRTemplateAssets/Materials/Environment/Concrete_Albedo.tif using Guid(5803a7cd377fea04dbb2916a5d373150) Importer(2089858483,b0f066a214c2f5e87bad3c948f4d605d) (ScriptedImporter) -> (Import Result ID: '990ad478d6e7f6eb0c469fcfc5f04e5c') in 0.0097751 seconds [static and dynamic dependencies]. Details - ImportResultOutputID=100f2d802c25373f5045d765840dceb2 DependenciesID=830d6c3a2a392f58737b383ae06a8211 StaticDependenciesID=8886965a41a6646340f0750e488e0da0 
Number of updated asset objects reloaded before import = 0Number of asset objects unloaded after import = 1

========================================================================
Received Import Request.
  Time since last request: 0.000017 seconds.
  path: Assets/VRTemplateAssets/Materials/Locomotion/Blue Standard.mat
  importAddress: Guid(7632678931fb0f34cb3d81b319e6fd15) Importer(2089858483,b0f066a214c2f5e87bad3c948f4d605d)
Start importing Assets/VRTemplateAssets/Materials/Locomotion/Blue Standard.mat using Guid(7632678931fb0f34cb3d81b319e6fd15) Importer(2089858483,b0f066a214c2f5e87bad3c948f4d605d) (ScriptedImporter) -> (Import Result ID: '9c2963b263d4ffb9c6709d216849c6c3') in 0.0047814 seconds [static and dynamic dependencies]. Details - ImportResultOutputID=ea2c97d7dc9ec4ccb4f5f6a08c3c389d DependenciesID=f6a38b9cac417e7ccff8f0ca2583ec7c StaticDependenciesID=bb9935ac176e27f1d70a9998df7f6d6e 
Number of updated asset objects reloaded before import = 0Number of asset objects unloaded after import = 1

========================================================================
Received Import Request.
  Time since last request: 0.000015 seconds.
  path: Assets/New Material.mat
  importAddress: Guid(6f349044ce6fb7845b4ea9894dddab28) Importer(2089858483,b0f066a214c2f5e87bad3c948f4d605d)
Start importing Assets/New Material.mat using Guid(6f349044ce6fb7845b4ea9894dddab28) Importer(2089858483,b0f066a214c2f5e87bad3c948f4d605d) (ScriptedImporter) -> (Import Result ID: '1d52e23a238fd6b99b535a1e1063e1b5') in 0.0100561 seconds [static and dynamic dependencies]. Details - ImportResultOutputID=0ffebe0aa1c8395e1e77ac9bdf066431 DependenciesID=c04f88541299d4fb14ed1cc7e3ddc5d9 StaticDependenciesID=2219b29071b7b7e0789a59986086e605 
Number of updated asset objects reloaded before import = 0Number of asset objects unloaded after import = 1

========================================================================
Received Import Request.
  Time since last request: 0.000016 seconds.
  path: Assets/TextMesh Pro/Shaders/TMP_SDF-Mobile SSD.shader
  importAddress: Guid(c8d12adcee749c344b8117cf7c7eb912) Importer(2089858483,b0f066a214c2f5e87bad3c948f4d605d)
Start importing Assets/TextMesh Pro/Shaders/TMP_SDF-Mobile SSD.shader using Guid(c8d12adcee749c344b8117cf7c7eb912) Importer(2089858483,b0f066a214c2f5e87bad3c948f4d605d) (ScriptedImporter) -> (Import Result ID: '49f4f54040c0dd9cc71c713235e78c37') in 0.0045803 seconds [static and dynamic dependencies]. Details - ImportResultOutputID=80550eefe6427f03874ff4d96840266f DependenciesID=a578f7175b39fdf13d460b2e1918207e StaticDependenciesID=149e413d0571861b315a3fb4601c570f 
Number of updated asset objects reloaded before import = 0Number of asset objects unloaded after import = 1

========================================================================
Received Import Request.
  Time since last request: 0.000016 seconds.
  path: Assets/VRTemplateAssets/Prefabs/Interactables/Cylinder Interactable Variant.prefab
  importAddress: Guid(2c1a76173c7e0144fbab968bd1968de1) Importer(2089858483,b0f066a214c2f5e87bad3c948f4d605d)
Start importing Assets/VRTemplateAssets/Prefabs/Interactables/Cylinder Interactable Variant.prefab using Guid(2c1a76173c7e0144fbab968bd1968de1) Importer(2089858483,b0f066a214c2f5e87bad3c948f4d605d) (ScriptedImporter) -> (Import Result ID: 'fc3c2da4460a51bddd8b6e8b568ac13c') in 0.0852781 seconds [static and dynamic dependencies]. Details - ImportResultOutputID=9a5bd93d436d7c1832283842c65f1728 DependenciesID=9e2c8d89fde7364d069ed25b55cf6425 StaticDependenciesID=fd42af4dbcc87e367390bb3ba84c0ce3 
Number of updated asset objects reloaded before import = 0Number of asset objects unloaded after import = 37

========================================================================
Received Import Request.
  Time since last request: 0.000024 seconds.
  path: Assets/VRTemplateAssets/Prefabs/Interactables/Totem1 Variant.prefab
  importAddress: Guid(e912fbd5396dace4dbdffbc8b79a6c14) Importer(2089858483,b0f066a214c2f5e87bad3c948f4d605d)
Start importing Assets/VRTemplateAssets/Prefabs/Interactables/Totem1 Variant.prefab using Guid(e912fbd5396dace4dbdffbc8b79a6c14) Importer(2089858483,b0f066a214c2f5e87bad3c948f4d605d) (ScriptedImporter) -> (Import Result ID: '0eef655853bacaaaf6f6e6229925a10d') in 0.0079093 seconds [static and dynamic dependencies]. Details - ImportResultOutputID=712c519fc878548119b558f372beacc8 DependenciesID=3d2edacac2880060d55bf17f882b15ee StaticDependenciesID=44bd4bf2c128ed2462c5c26ef5e1409c 
Number of updated asset objects reloaded before import = 0Number of asset objects unloaded after import = 67

========================================================================
Received Import Request.
  Time since last request: 0.000029 seconds.
  path: Assets/VRTemplateAssets/Models/Blink/BlinkVisual.fbx
  importAddress: Guid(abd83a5f2e97de448a64683eb362a566) Importer(2089858483,b0f066a214c2f5e87bad3c948f4d605d)
Start importing Assets/VRTemplateAssets/Models/Blink/BlinkVisual.fbx using Guid(abd83a5f2e97de448a64683eb362a566) Importer(2089858483,b0f066a214c2f5e87bad3c948f4d605d) (ScriptedImporter) -> (Import Result ID: 'a8edaf16224b038e738fb05df1d864d3') in 0.0101122 seconds [static and dynamic dependencies]. Details - ImportResultOutputID=b1ef8fc9f84b5aed0ed27d3a43e54d67 DependenciesID=ff168d40a909a4c28de418a62369b998 StaticDependenciesID=0b2c6463d1914788a905ba3efd1b033a 
Number of updated asset objects reloaded before import = 0Number of asset objects unloaded after import = 8

========================================================================
Received Import Request.
  Time since last request: 0.000014 seconds.
  path: Assets/VRTemplateAssets/Prefabs/Interactables/Totem2 Variant.prefab
  importAddress: Guid(c72778ad3d61c1c4286eb3a2aeb02741) Importer(2089858483,b0f066a214c2f5e87bad3c948f4d605d)
Start importing Assets/VRTemplateAssets/Prefabs/Interactables/Totem2 Variant.prefab using Guid(c72778ad3d61c1c4286eb3a2aeb02741) Importer(2089858483,b0f066a214c2f5e87bad3c948f4d605d) (ScriptedImporter) -> (Import Result ID: 'c49287c9f28c7a16e1ccace988f657c7') in 0.0207235 seconds [static and dynamic dependencies]. Details - ImportResultOutputID=3ede529edf7779ac229f485f1444b0e6 DependenciesID=8b942495ec9528319fd39d37f316ddd1 StaticDependenciesID=6df30171f75b6bd87c39464f4a64d169 
Number of updated asset objects reloaded before import = 0Number of asset objects unloaded after import = 60

========================================================================
Received Import Request.
  Time since last request: 0.000025 seconds.
  path: Assets/VRTemplateAssets/Models/Primitives/Sphere.fbx
  importAddress: Guid(080ad8ef2223242198a30df487d9bcbb) Importer(2089858483,b0f066a214c2f5e87bad3c948f4d605d)
Start importing Assets/VRTemplateAssets/Models/Primitives/Sphere.fbx using Guid(080ad8ef2223242198a30df487d9bcbb) Importer(2089858483,b0f066a214c2f5e87bad3c948f4d605d) (ScriptedImporter) -> (Import Result ID: 'f04edcd6d55c058dad7b3b06ad6c0c7d') in 0.0193612 seconds [static and dynamic dependencies]. Details - ImportResultOutputID=63ea482efe29a73410752717f8a0c453 DependenciesID=e0349dc057c73c9985ae614174a3a82f StaticDependenciesID=1bf51f44fd9d7e68222d718f9a253630 
Number of updated asset objects reloaded before import = 0Number of asset objects unloaded after import = 8

========================================================================
Received Import Request.
  Time since last request: 0.000015 seconds.
  path: Assets/VRTemplateAssets/Prefabs/Interactables/Sphere Interactable.prefab
  importAddress: Guid(753505d367f39d04c8ef944e9491a149) Importer(2089858483,b0f066a214c2f5e87bad3c948f4d605d)
Start importing Assets/VRTemplateAssets/Prefabs/Interactables/Sphere Interactable.prefab using Guid(753505d367f39d04c8ef944e9491a149) Importer(2089858483,b0f066a214c2f5e87bad3c948f4d605d) (ScriptedImporter) -> (Import Result ID: 'fc40e321634d5cf787c962580ed31493') in 0.0129155 seconds [static and dynamic dependencies]. Details - ImportResultOutputID=804395c304d16f4f9d1d085f1e2ce065 DependenciesID=fd29a72ee00240fd94bc634a4acb3e80 StaticDependenciesID=44520da1560d9d52f7077fa9927d208e 
Number of updated asset objects reloaded before import = 0Number of asset objects unloaded after import = 30

========================================================================
Received Import Request.
  Time since last request: 0.000020 seconds.
  path: Assets/VRTemplateAssets/Prefabs/Interactables/Tapered Interactable Variant.prefab
  importAddress: Guid(c18c2334d0f5bb94cbb090401535d577) Importer(2089858483,b0f066a214c2f5e87bad3c948f4d605d)
Start importing Assets/VRTemplateAssets/Prefabs/Interactables/Tapered Interactable Variant.prefab using Guid(c18c2334d0f5bb94cbb090401535d577) Importer(2089858483,b0f066a214c2f5e87bad3c948f4d605d) (ScriptedImporter) -> (Import Result ID: 'ad8cd4b582a9efe4e432502d76d2fecf') in 0.0153647 seconds [static and dynamic dependencies]. Details - ImportResultOutputID=c9bb9712f279e08b3b56b7e8c90f31e7 DependenciesID=fa7272f9f74049b0b209969f8fd909d4 StaticDependenciesID=f3e45abc219cd588a32b6ca46a30f395 
Number of updated asset objects reloaded before import = 0Number of asset objects unloaded after import = 36

========================================================================
Received Import Request.
  Time since last request: 0.000017 seconds.
  path: Assets/VRTemplateAssets/Prefabs/Blaster/Confetti.prefab
  importAddress: Guid(a24db55e1f9277f459f8a602b53a9bb0) Importer(2089858483,b0f066a214c2f5e87bad3c948f4d605d)
Start importing Assets/VRTemplateAssets/Prefabs/Blaster/Confetti.prefab using Guid(a24db55e1f9277f459f8a602b53a9bb0) Importer(2089858483,b0f066a214c2f5e87bad3c948f4d605d) (ScriptedImporter) -> (Import Result ID: 'd66014b41303369ae588e149b1fb42bc') in 0.0733103 seconds [static and dynamic dependencies]. Details - ImportResultOutputID=02b59717f7f3934c83db7a401aec46a0 DependenciesID=f9554558b1d55876b408c8d8b45737cf StaticDependenciesID=30340e4bb641b3f12f238ff0294de0f5 
Number of updated asset objects reloaded before import = 0Number of asset objects unloaded after import = 8

========================================================================
Received Import Request.
  Time since last request: 0.000031 seconds.
  path: Assets/VRTemplateAssets/Sprites/CoachingCards/Coaching Step 1.png
  importAddress: Guid(aa1e07d3e3ba968489f3cba3bbe76b41) Importer(2089858483,b0f066a214c2f5e87bad3c948f4d605d)
Start importing Assets/VRTemplateAssets/Sprites/CoachingCards/Coaching Step 1.png using Guid(aa1e07d3e3ba968489f3cba3bbe76b41) Importer(2089858483,b0f066a214c2f5e87bad3c948f4d605d) (ScriptedImporter) -> (Import Result ID: 'abc07fcaca4ea66aac7ba0bfa95535d4') in 0.0180407 seconds [static and dynamic dependencies]. Details - ImportResultOutputID=2596698ffb29f6591ccfad3e4c16f0de DependenciesID=6ff507849630ce9f462a2b331e778828 StaticDependenciesID=56a8708c4f120c0bdbe7774831abe707 
Number of updated asset objects reloaded before import = 0Number of asset objects unloaded after import = 3

========================================================================
Received Import Request.
  Time since last request: 0.000019 seconds.
  path: Assets/VRTemplateAssets/Sprites/Icons/Chevron.png
  importAddress: Guid(c587cac8808c8b745adbae420e9acc83) Importer(2089858483,b0f066a214c2f5e87bad3c948f4d605d)
Start importing Assets/VRTemplateAssets/Sprites/Icons/Chevron.png using Guid(c587cac8808c8b745adbae420e9acc83) Importer(2089858483,b0f066a214c2f5e87bad3c948f4d605d) (ScriptedImporter) -> (Import Result ID: '48b7a7553792c512277a4cc36c08ef37') in 0.0062148 seconds [static and dynamic dependencies]. Details - ImportResultOutputID=7834196aa83c61d398757c24ee393a7a DependenciesID=51dac80d5b811b53390136395121ce43 StaticDependenciesID=56c63a717c8c924500568b1e9df46406 
Number of updated asset objects reloaded before import = 0Number of asset objects unloaded after import = 3

========================================================================
Received Import Request.
  Time since last request: 0.000019 seconds.
  path: Assets/VRTemplateAssets/Prefabs/UI/List Item Button.prefab
  importAddress: Guid(fa5ef3b56cfeb4f4ba855cdf2610a578) Importer(2089858483,b0f066a214c2f5e87bad3c948f4d605d)
Start importing Assets/VRTemplateAssets/Prefabs/UI/List Item Button.prefab using Guid(fa5ef3b56cfeb4f4ba855cdf2610a578) Importer(2089858483,b0f066a214c2f5e87bad3c948f4d605d) (ScriptedImporter) -> (Import Result ID: 'eb9b24af626483b63330ee07f91a98e9') in 0.0283974 seconds [static and dynamic dependencies]. Details - ImportResultOutputID=00cc50e081dc65fb2737b6db222f2ec0 DependenciesID=1b8e3e60adaf62cf3d3c720dbe28f27f StaticDependenciesID=fcd4c78a9d0fbd560cd25b4725ac33cb 
Number of updated asset objects reloaded before import = 0Number of asset objects unloaded after import = 44

========================================================================
Received Import Request.
  Time since last request: 0.000025 seconds.
  path: Assets/VRTemplateAssets/Prefabs/TutorialPlayer/Tutorial Player.prefab
  importAddress: Guid(dc067c577ec1b854684d789b6e727cc0) Importer(2089858483,b0f066a214c2f5e87bad3c948f4d605d)
Start importing Assets/VRTemplateAssets/Prefabs/TutorialPlayer/Tutorial Player.prefab using Guid(dc067c577ec1b854684d789b6e727cc0) Importer(2089858483,b0f066a214c2f5e87bad3c948f4d605d) (ScriptedImporter) -> (Import Result ID: 'fada46f298a0dc9b5d7108756a5004bc') in 0.0351277 seconds [static and dynamic dependencies]. Details - ImportResultOutputID=efbdf7b75edcb765d4bee1c47b04e16a DependenciesID=6a188974cbe80ca461dcb503f4da3d9b StaticDependenciesID=7c552d7a1f1db47a6aaf6caba6e1a20d 
Number of updated asset objects reloaded before import = 0Number of asset objects unloaded after import = 90

========================================================================
Received Import Request.
  Time since last request: 0.000023 seconds.
  path: Assets/VRTemplateAssets/Prefabs/UI/List Item Slider.prefab
  importAddress: Guid(41d89b59fe3e9964a83686ff24b7d0c5) Importer(2089858483,b0f066a214c2f5e87bad3c948f4d605d)
Start importing Assets/VRTemplateAssets/Prefabs/UI/List Item Slider.prefab using Guid(41d89b59fe3e9964a83686ff24b7d0c5) Importer(2089858483,b0f066a214c2f5e87bad3c948f4d605d) (ScriptedImporter) -> (Import Result ID: 'dbee42252736da286d6a3db27644afa4') in 0.013564 seconds [static and dynamic dependencies]. Details - ImportResultOutputID=8bd3a7130798cdae61438d0495378704 DependenciesID=3d9d51de6789a47e31024bea1b59ff7b StaticDependenciesID=8f296f13a1c3fff0b488c574b28d8966 
Number of updated asset objects reloaded before import = 0Number of asset objects unloaded after import = 47

========================================================================
Received Import Request.
  Time since last request: 0.000037 seconds.
  path: Assets/VRTemplateAssets/Prefabs/Setup/Affordance Callouts Right.prefab
  importAddress: Guid(4d28f6590e91f644e9731292f51c4f2c) Importer(2089858483,b0f066a214c2f5e87bad3c948f4d605d)
Start importing Assets/VRTemplateAssets/Prefabs/Setup/Affordance Callouts Right.prefab using Guid(4d28f6590e91f644e9731292f51c4f2c) Importer(2089858483,b0f066a214c2f5e87bad3c948f4d605d) (ScriptedImporter) -> (Import Result ID: 'a3ffb65f1a54d2121cb91cbec2bde910') in 0.0242236 seconds [static and dynamic dependencies]. Details - ImportResultOutputID=453cc87dfba51c6af9ca42c1c7f4cbb0 DependenciesID=43db29e6727fe5c9a0b0f8fa44a60a44 StaticDependenciesID=29b2c071518688ef8d773f2ce2bec080 
Number of updated asset objects reloaded before import = 0Number of asset objects unloaded after import = 225

========================================================================
Received Import Request.
  Time since last request: 0.000017 seconds.
  path: Assets/VRTemplateAssets/Models/Primitives/Torus.fbx
  importAddress: Guid(9a13b94cace2a4d78ac94a0ed0a88843) Importer(2089858483,b0f066a214c2f5e87bad3c948f4d605d)
Start importing Assets/VRTemplateAssets/Models/Primitives/Torus.fbx using Guid(9a13b94cace2a4d78ac94a0ed0a88843) Importer(2089858483,b0f066a214c2f5e87bad3c948f4d605d) (ScriptedImporter) -> (Import Result ID: '0671d2f0f2224716252d48fad576a69e') in 0.0109587 seconds [static and dynamic dependencies]. Details - ImportResultOutputID=112dc4414b137eea8da77182247576ba DependenciesID=55171fbaa257b35d2d2131a33e6d93b6 StaticDependenciesID=214a956c5d2b094d0db4f87b3692a910 
Number of updated asset objects reloaded before import = 0Number of asset objects unloaded after import = 8

========================================================================
Received Import Request.
  Time since last request: 0.000018 seconds.
  path: Assets/Scenes/SampleScene/LightingData.asset
  importAddress: Guid(babed66f44e8b5445b185fac4e02e130) Importer(2089858483,b0f066a214c2f5e87bad3c948f4d605d)
Start importing Assets/Scenes/SampleScene/LightingData.asset using Guid(babed66f44e8b5445b185fac4e02e130) Importer(2089858483,b0f066a214c2f5e87bad3c948f4d605d) (ScriptedImporter) -> (Import Result ID: '818ce4e4ea01fdc45791a2026993cdc0') in 0.0051634 seconds [static and dynamic dependencies]. Details - ImportResultOutputID=d3556ce8e78a23548eb773d462b7365d DependenciesID=8e567f44cad6872b866e4ad3f5bb0741 StaticDependenciesID=b2170117130fe94dc2211a44f98b4f12 
Number of updated asset objects reloaded before import = 0Number of asset objects unloaded after import = 2

========================================================================
Received Import Request.
  Time since last request: 0.000014 seconds.
  path: Assets/VertexField/Lost Hospital/materials/opertation_table.mat
  importAddress: Guid(921a4ab0f43a14343985af1598ecfd7d) Importer(2089858483,b0f066a214c2f5e87bad3c948f4d605d)
Start importing Assets/VertexField/Lost Hospital/materials/opertation_table.mat using Guid(921a4ab0f43a14343985af1598ecfd7d) Importer(2089858483,b0f066a214c2f5e87bad3c948f4d605d) (ScriptedImporter) -> (Import Result ID: '0539d4e8f9755bfd23255927432fde78') in 0.0487725 seconds [static and dynamic dependencies]. Details - ImportResultOutputID=fd444d24534dde90ba6cb1a497b40bf2 DependenciesID=618da7877c60d6ecf4d39967b0d7a618 StaticDependenciesID=a086a9eab3c12612e8d264a1adb2bcee 
Number of updated asset objects reloaded before import = 0Number of asset objects unloaded after import = 5

========================================================================
Received Import Request.
  Time since last request: 0.000018 seconds.
  path: Assets/VRTemplateAssets/Sprites/UI/CircleMask.png
  importAddress: Guid(79dfa83adcf72d541946168c849ba331) Importer(2089858483,b0f066a214c2f5e87bad3c948f4d605d)
Start importing Assets/VRTemplateAssets/Sprites/UI/CircleMask.png using Guid(79dfa83adcf72d541946168c849ba331) Importer(2089858483,b0f066a214c2f5e87bad3c948f4d605d) (ScriptedImporter) -> (Import Result ID: 'eae509197c995efed037cb429f9a9def') in 0.0110225 seconds [static and dynamic dependencies]. Details - ImportResultOutputID=57e99e33911efc0c9433929ffb7f7218 DependenciesID=a57bd00c2b3ffe2b3de03274f0a47c17 StaticDependenciesID=36e6e6700f72b89a7cb2752df711caf3 
Number of updated asset objects reloaded before import = 0Number of asset objects unloaded after import = 3

========================================================================
Received Import Request.
  Time since last request: 0.000029 seconds.
  path: Assets/VRTemplateAssets/Sprites/UI/Round Radius 10 Outline.png
  importAddress: Guid(58bc8d49e10d1bc40813d8974b8b3a5c) Importer(2089858483,b0f066a214c2f5e87bad3c948f4d605d)
Start importing Assets/VRTemplateAssets/Sprites/UI/Round Radius 10 Outline.png using Guid(58bc8d49e10d1bc40813d8974b8b3a5c) Importer(2089858483,b0f066a214c2f5e87bad3c948f4d605d) (ScriptedImporter) -> (Import Result ID: 'f11468e438e793af824110e9af4a59ee') in 0.0090926 seconds [static and dynamic dependencies]. Details - ImportResultOutputID=555492be96826e9069ab7d483b9b1fee DependenciesID=f5058835176f828394c6311ceecaaecc StaticDependenciesID=f11076b608a5b8bd77f70a1696a6e6a0 
Number of updated asset objects reloaded before import = 0Number of asset objects unloaded after import = 3

========================================================================
Received Import Request.
  Time since last request: 0.000019 seconds.
  path: Assets/XRI/Settings/Resources/XRInteractionRuntimeSettings.asset
  importAddress: Guid(614c4369bbb1eff4384232a491c952e5) Importer(2089858483,b0f066a214c2f5e87bad3c948f4d605d)
Start importing Assets/XRI/Settings/Resources/XRInteractionRuntimeSettings.asset using Guid(614c4369bbb1eff4384232a491c952e5) Importer(2089858483,b0f066a214c2f5e87bad3c948f4d605d) (ScriptedImporter) -> (Import Result ID: 'a985d5f8f2886c9333e02e2ae1ced673') in 0.0058253 seconds [static and dynamic dependencies]. Details - ImportResultOutputID=a57028acd07145809e154a2dfa9d5ccc DependenciesID=886f35c9691512dcca5d5d40436a09f6 StaticDependenciesID=b49c4cf3c7de27995fdebc6fa2d39f04 
Number of updated asset objects reloaded before import = 0Number of asset objects unloaded after import = 1

========================================================================
Received Import Request.
  Time since last request: 0.000015 seconds.
  path: Assets/VRTemplateAssets/Sprites/UI/Joystick Segment.png
  importAddress: Guid(54baed6400621ff4b8670b6116af054e) Importer(2089858483,b0f066a214c2f5e87bad3c948f4d605d)
Start importing Assets/VRTemplateAssets/Sprites/UI/Joystick Segment.png using Guid(54baed6400621ff4b8670b6116af054e) Importer(2089858483,b0f066a214c2f5e87bad3c948f4d605d) (ScriptedImporter) -> (Import Result ID: 'bbe5044b9c3adbd7a83729043b29ff8d') in 0.0131811 seconds [static and dynamic dependencies]. Details - ImportResultOutputID=942bea3e9a9cf1ef391897edab6c6a27 DependenciesID=cca4c611237192d48b2f79056d063aee StaticDependenciesID=133c63b2f7cf05e1e6ffc02adbe27a9a 
Number of updated asset objects reloaded before import = 0Number of asset objects unloaded after import = 3

========================================================================
Received Import Request.
  Time since last request: 0.000017 seconds.
  path: Assets/VRTemplateAssets/Sprites/Icons/Teleport.png
  importAddress: Guid(b398f58ecc9d0ac4c8de2c6e007b5c95) Importer(2089858483,b0f066a214c2f5e87bad3c948f4d605d)
Start importing Assets/VRTemplateAssets/Sprites/Icons/Teleport.png using Guid(b398f58ecc9d0ac4c8de2c6e007b5c95) Importer(2089858483,b0f066a214c2f5e87bad3c948f4d605d) (ScriptedImporter) -> (Import Result ID: 'e6a0d4efa14f8fda281565864f6248cf') in 0.0073435 seconds [static and dynamic dependencies]. Details - ImportResultOutputID=eaeac8535643114048c7e6d942916d7c DependenciesID=9c63371cff90a81ab2ecf8af8ab9536b StaticDependenciesID=cb906afffb29b508b6df76d922dd51fc 
Number of updated asset objects reloaded before import = 0Number of asset objects unloaded after import = 3

========================================================================
Received Import Request.
  Time since last request: 0.000021 seconds.
  path: Assets/VRTemplateAssets/Tutorial/Images/project-header-vr.png
  importAddress: Guid(6eaf09dd6cc8a49708bf60691e32bebf) Importer(2089858483,b0f066a214c2f5e87bad3c948f4d605d)
Start importing Assets/VRTemplateAssets/Tutorial/Images/project-header-vr.png using Guid(6eaf09dd6cc8a49708bf60691e32bebf) Importer(2089858483,b0f066a214c2f5e87bad3c948f4d605d) (ScriptedImporter) -> (Import Result ID: '76cce014bbcb7500ac3552c432202107') in 0.0081096 seconds [static and dynamic dependencies]. Details - ImportResultOutputID=84a78f424d2989d810858111529bacda DependenciesID=ad00005eb2320c7a28d02c306b7bae84 StaticDependenciesID=39e4450d3ef539c437f7d199f1db91d5 
Number of updated asset objects reloaded before import = 0Number of asset objects unloaded after import = 1

========================================================================
Received Import Request.
  Time since last request: 0.000017 seconds.
  path: Assets/VRTemplateAssets/Sprites/Icons/Scroll Left.png
  importAddress: Guid(3708b1d8e45366b489c18df71670cecd) Importer(2089858483,b0f066a214c2f5e87bad3c948f4d605d)
Start importing Assets/VRTemplateAssets/Sprites/Icons/Scroll Left.png using Guid(3708b1d8e45366b489c18df71670cecd) Importer(2089858483,b0f066a214c2f5e87bad3c948f4d605d) (ScriptedImporter) -> (Import Result ID: '539437ae4e10646556b6a418b11c90e5') in 0.0069259 seconds [static and dynamic dependencies]. Details - ImportResultOutputID=9defbc325fabfd9f3e44acc7368df971 DependenciesID=bbc866c0889c387abeb59e7c1cb3c98f StaticDependenciesID=6dc3b3a424e7324dc6387e64ce45581b 
Number of updated asset objects reloaded before import = 0Number of asset objects unloaded after import = 3

========================================================================
Received Import Request.
  Time since last request: 0.000023 seconds.
  path: Assets/VRTemplateAssets/Sprites/UI/Round Radius 10.png
  importAddress: Guid(65d31ca9600c4654e886aa7bab36e94b) Importer(2089858483,b0f066a214c2f5e87bad3c948f4d605d)
Start importing Assets/VRTemplateAssets/Sprites/UI/Round Radius 10.png using Guid(65d31ca9600c4654e886aa7bab36e94b) Importer(2089858483,b0f066a214c2f5e87bad3c948f4d605d) (ScriptedImporter) -> (Import Result ID: '29c97c6dfec2c52a37cace7de54f596c') in 0.0070883 seconds [static and dynamic dependencies]. Details - ImportResultOutputID=352ce526a81557553803da21f08fe660 DependenciesID=3376d92a6fa9a83fee3268ca01bfde4b StaticDependenciesID=29a3ff3bc67f5e4b98e4ae6c0d2feb0d 
Number of updated asset objects reloaded before import = 0Number of asset objects unloaded after import = 3

========================================================================
Received Import Request.
  Time since last request: 0.000029 seconds.
  path: Assets/VRTemplateAssets/Materials/Environment/Grey.mat
  importAddress: Guid(e1b4debff657aa94293a2e4e5f15b8a0) Importer(2089858483,b0f066a214c2f5e87bad3c948f4d605d)
Start importing Assets/VRTemplateAssets/Materials/Environment/Grey.mat using Guid(e1b4debff657aa94293a2e4e5f15b8a0) Importer(2089858483,b0f066a214c2f5e87bad3c948f4d605d) (ScriptedImporter) -> (Import Result ID: '00e153e66c906493eec7ecd7600ef35c') in 0.0072969 seconds [static and dynamic dependencies]. Details - ImportResultOutputID=5e92c8b9482e98374d1e872deef02227 DependenciesID=60d171b5da5a540cf53d2b02d86d3aa0 StaticDependenciesID=f9b2e46831161ac2049329f721f5cb3d 
Number of updated asset objects reloaded before import = 0Number of asset objects unloaded after import = 3

========================================================================
Received Import Request.
  Time since last request: 0.000017 seconds.
  path: Assets/CompositionLayers/UserSettings/CompositionLayersPreferences.asset
  importAddress: Guid(67ece8271be3cb6409b638f10b9edb5e) Importer(2089858483,b0f066a214c2f5e87bad3c948f4d605d)
Start importing Assets/CompositionLayers/UserSettings/CompositionLayersPreferences.asset using Guid(67ece8271be3cb6409b638f10b9edb5e) Importer(2089858483,b0f066a214c2f5e87bad3c948f4d605d) (ScriptedImporter) -> (Import Result ID: '2ce637bb4ee803792250dd224597ce4c') in 0.0147112 seconds [static and dynamic dependencies]. Details - ImportResultOutputID=b88fece3e211d64930c1556dba8cd0ec DependenciesID=7a62df4af875f145d6fecf554cd7b509 StaticDependenciesID=9b9d14b51896a49cb3e50d0a34add5fd 
Number of updated asset objects reloaded before import = 0Number of asset objects unloaded after import = 1

========================================================================
Received Import Request.
  Time since last request: 0.000021 seconds.
  path: Assets/VRTemplateAssets/Prefabs/UI/Spatial Panel Scroll.prefab
  importAddress: Guid(085ce58b196caa446a8545c9dd388793) Importer(2089858483,b0f066a214c2f5e87bad3c948f4d605d)
Start importing Assets/VRTemplateAssets/Prefabs/UI/Spatial Panel Scroll.prefab using Guid(085ce58b196caa446a8545c9dd388793) Importer(2089858483,b0f066a214c2f5e87bad3c948f4d605d) (ScriptedImporter) -> (Import Result ID: '3103e46a1c1811ea3387f48328eead98') in 0.0212497 seconds [static and dynamic dependencies]. Details - ImportResultOutputID=2e4c088ebd816cc3e6486e2bcd228252 DependenciesID=e18cfcb41304cba9fd52402ab5253612 StaticDependenciesID=e5d6b9db71d72786b712d09b65a54d60 
Number of updated asset objects reloaded before import = 0Number of asset objects unloaded after import = 97

========================================================================
Received Import Request.
  Time since last request: 0.000017 seconds.
  path: Assets/Samples/XR Hands/1.7.3/HandVisualizer/Scripts/HandVisualizer.cs
  importAddress: Guid(2e9813c68d7d6f44282ace8bd2d1fd46) Importer(2089858483,b0f066a214c2f5e87bad3c948f4d605d)
Start importing Assets/Samples/XR Hands/1.7.3/HandVisualizer/Scripts/HandVisualizer.cs using Guid(2e9813c68d7d6f44282ace8bd2d1fd46) Importer(2089858483,b0f066a214c2f5e87bad3c948f4d605d) (ScriptedImporter) -> (Import Result ID: '2a35e7232585e45a59df5092c72b686a') in 0.0031218 seconds [static and dynamic dependencies]. Details - ImportResultOutputID=3a24991b684ef3e3c2b1b386749f7847 DependenciesID=dce2fbfaaf099670f08cc27bd0d6fbd2 StaticDependenciesID=68aafc6a8f51b6710a709c794492e5c8 
Number of updated asset objects reloaded before import = 0Number of asset objects unloaded after import = 0

========================================================================
Received Import Request.
  Time since last request: 0.000018 seconds.
  path: Assets/Samples/XR Hands/1.7.3/HandVisualizer/Prefabs/Joint.prefab
  importAddress: Guid(254b742d65a15d14b9df756ae77de868) Importer(2089858483,b0f066a214c2f5e87bad3c948f4d605d)
Start importing Assets/Samples/XR Hands/1.7.3/HandVisualizer/Prefabs/Joint.prefab using Guid(254b742d65a15d14b9df756ae77de868) Importer(2089858483,b0f066a214c2f5e87bad3c948f4d605d) (ScriptedImporter) -> (Import Result ID: 'ab642caed31ad319daba8c6a28b580ea') in 0.023171 seconds [static and dynamic dependencies]. Details - ImportResultOutputID=e654bfa530f680e1aff791db610d0f84 DependenciesID=514362b9e48be73cd7631678dde0946a StaticDependenciesID=254d84abf4fa6a681da42aa0437f988b 
Number of updated asset objects reloaded before import = 0Number of asset objects unloaded after import = 13

========================================================================
Received Import Request.
  Time since last request: 0.000034 seconds.
  path: Assets/VRTemplateAssets/Models/Environment/Template Environment.fbx
  importAddress: Guid(00c9c177e828a57439e290aef2a23b3f) Importer(2089858483,b0f066a214c2f5e87bad3c948f4d605d)
Start importing Assets/VRTemplateAssets/Models/Environment/Template Environment.fbx using Guid(00c9c177e828a57439e290aef2a23b3f) Importer(2089858483,b0f066a214c2f5e87bad3c948f4d605d) (ScriptedImporter) -> (Import Result ID: '484c41719b0ae64ece820daf8f4776d3') in 0.0221347 seconds [static and dynamic dependencies]. Details - ImportResultOutputID=dbb757870668a6c70423bcbb134fcea0 DependenciesID=a84c28ac423606484d02a11ec82493f2 StaticDependenciesID=90319cf443c7e3226433804760940e05 
Number of updated asset objects reloaded before import = 0Number of asset objects unloaded after import = 48

========================================================================
Received Import Request.
  Time since last request: 0.000018 seconds.
  path: Assets/VRTemplateAssets/Materials/Environment/wall2_Roughness.png
  importAddress: Guid(b9b0c20b387b4cb4687eee8f3a92736b) Importer(2089858483,b0f066a214c2f5e87bad3c948f4d605d)
Start importing Assets/VRTemplateAssets/Materials/Environment/wall2_Roughness.png using Guid(b9b0c20b387b4cb4687eee8f3a92736b) Importer(2089858483,b0f066a214c2f5e87bad3c948f4d605d) (ScriptedImporter) -> (Import Result ID: '9c43eba5155526bbdfb1498b5ee3a6b8') in 0.0107011 seconds [static and dynamic dependencies]. Details - ImportResultOutputID=9774dcaafbab203049d1677a44a06047 DependenciesID=cd690ce07ed20b345d10bab2e766a476 StaticDependenciesID=433316c26e929a35b7d8503c480a0b1a 
Number of updated asset objects reloaded before import = 0Number of asset objects unloaded after import = 1

========================================================================
Received Import Request.
  Time since last request: 0.000024 seconds.
  path: Assets/Samples/XR Interaction Toolkit/3.4.1/Hands Interaction Demo/AffordanceThemes/PinchPointColor.asset
  importAddress: Guid(1468864c36cbf39428681b1f0d9ef149) Importer(2089858483,b0f066a214c2f5e87bad3c948f4d605d)
Start importing Assets/Samples/XR Interaction Toolkit/3.4.1/Hands Interaction Demo/AffordanceThemes/PinchPointColor.asset using Guid(1468864c36cbf39428681b1f0d9ef149) Importer(2089858483,b0f066a214c2f5e87bad3c948f4d605d) (ScriptedImporter) -> (Import Result ID: 'e6b022e2a5704ec5b71eef75fd8a1e3d') in 0.00514 seconds [static and dynamic dependencies]. Details - ImportResultOutputID=0384a8c6d9f5b1b07f9ec8ff058e5e90 DependenciesID=679fff6fc7073733c8ab8dbb3c721d12 StaticDependenciesID=c08bf030f6b69a99aa7e2d424648a1d2 
Number of updated asset objects reloaded before import = 0Number of asset objects unloaded after import = 1

========================================================================
Received Import Request.
  Time since last request: 0.000014 seconds.
  path: Assets/VRTemplateAssets/Prefabs/Interactables/Rotating Torus.prefab
  importAddress: Guid(29529d949c965f643befe6cfcd1e372c) Importer(2089858483,b0f066a214c2f5e87bad3c948f4d605d)
Start importing Assets/VRTemplateAssets/Prefabs/Interactables/Rotating Torus.prefab using Guid(29529d949c965f643befe6cfcd1e372c) Importer(2089858483,b0f066a214c2f5e87bad3c948f4d605d) (ScriptedImporter) -> (Import Result ID: 'd9ebca28c33d30d655decbdd88464c99') in 0.0084581 seconds [static and dynamic dependencies]. Details - ImportResultOutputID=a498de3bfef3efc4786bc049cc17dbb6 DependenciesID=2b8da152446f76f22d2c968911265d09 StaticDependenciesID=65a6541d717f403700e1229b383eabbf 
Number of updated asset objects reloaded before import = 0Number of asset objects unloaded after import = 29

========================================================================
Received Import Request.
  Time since last request: 0.000013 seconds.
  path: Assets/Settings/Project Configuration/Performance URP Config.asset
  importAddress: Guid(fd42a132493b1f143a4963adcd530ef1) Importer(2089858483,b0f066a214c2f5e87bad3c948f4d605d)
Start importing Assets/Settings/Project Configuration/Performance URP Config.asset using Guid(fd42a132493b1f143a4963adcd530ef1) Importer(2089858483,b0f066a214c2f5e87bad3c948f4d605d) (ScriptedImporter) -> (Import Result ID: 'cc1a54d5c21a1f195b4da9c7d460f281') in 0.008858 seconds [static and dynamic dependencies]. Details - ImportResultOutputID=d03defe23c361acf22c218b7c82a4cbf DependenciesID=12d21eafd6e3f502be84074306d62ae0 StaticDependenciesID=c41f65f4952f8336781330ac9fa22bd5 
Number of updated asset objects reloaded before import = 0Number of asset objects unloaded after import = 1

========================================================================
Received Import Request.
  Time since last request: 0.000018 seconds.
  path: Assets/VRTemplateAssets/Scripts/DestroyObject.cs
  importAddress: Guid(210883af668c0fc4aab890d9ad3cfd6f) Importer(2089858483,b0f066a214c2f5e87bad3c948f4d605d)
Start importing Assets/VRTemplateAssets/Scripts/DestroyObject.cs using Guid(210883af668c0fc4aab890d9ad3cfd6f) Importer(2089858483,b0f066a214c2f5e87bad3c948f4d605d) (ScriptedImporter) -> (Import Result ID: 'ff167e4fe0026ab63caaf87cca3a708e') in 0.003823 seconds [static and dynamic dependencies]. Details - ImportResultOutputID=763e249f92ab45f3bcc08de671ad5f91 DependenciesID=317f6dadce4cdfe94ddcabd4c50b1351 StaticDependenciesID=c26db40ccdc7c0b670e0bcd9806a12ab 
Number of updated asset objects reloaded before import = 0Number of asset objects unloaded after import = 0

========================================================================
Received Import Request.
  Time since last request: 0.000028 seconds.
  path: Assets/VRTemplateAssets/Sprites/UI/Round Radius 10 Bottom.png
  importAddress: Guid(b873120a80369e440ba03e663b63fc0e) Importer(2089858483,b0f066a214c2f5e87bad3c948f4d605d)
Start importing Assets/VRTemplateAssets/Sprites/UI/Round Radius 10 Bottom.png using Guid(b873120a80369e440ba03e663b63fc0e) Importer(2089858483,b0f066a214c2f5e87bad3c948f4d605d) (ScriptedImporter) -> (Import Result ID: '4b2543f304c58eb4f85750d6d38dbea2') in 0.0130998 seconds [static and dynamic dependencies]. Details - ImportResultOutputID=a9949ac2ef5c147ff741a40e59f10e47 DependenciesID=4ed36340f7ff31acc6d5a47787190e22 StaticDependenciesID=7ae746eb47a5908d2e97807476498327 
Number of updated asset objects reloaded before import = 0Number of asset objects unloaded after import = 3

========================================================================
Received Import Request.
  Time since last request: 0.000019 seconds.
  path: Assets/VRTemplateAssets/Materials/Primitive/fabric_Normal.png
  importAddress: Guid(9d8f4347f4a7fca4da366badc483a84c) Importer(2089858483,b0f066a214c2f5e87bad3c948f4d605d)
Start importing Assets/VRTemplateAssets/Materials/Primitive/fabric_Normal.png using Guid(9d8f4347f4a7fca4da366badc483a84c) Importer(2089858483,b0f066a214c2f5e87bad3c948f4d605d) (ScriptedImporter) -> (Import Result ID: '77277fe3b015284b3c3df0d005f5a11b') in 0.0100841 seconds [static and dynamic dependencies]. Details - ImportResultOutputID=967dd12dad12fd91c3d2e10bd0c86877 DependenciesID=1a1429517070423c48e6e704c7240ad1 StaticDependenciesID=7cc63a79fde6be7db08c923e6c120e89 
Number of updated asset objects reloaded before import = 0Number of asset objects unloaded after import = 1

========================================================================
Received Import Request.
  Time since last request: 0.000013 seconds.
  path: Assets/VRTemplateAssets/Themes/ColorAffordanceTheme.asset
  importAddress: Guid(591edbd6be1a73b4fab57bd230c3efbf) Importer(2089858483,b0f066a214c2f5e87bad3c948f4d605d)
Start importing Assets/VRTemplateAssets/Themes/ColorAffordanceTheme.asset using Guid(591edbd6be1a73b4fab57bd230c3efbf) Importer(2089858483,b0f066a214c2f5e87bad3c948f4d605d) (ScriptedImporter) -> (Import Result ID: 'c6a1308738bfdd7c017e496e809f14a4') in 0.0041227 seconds [static and dynamic dependencies]. Details - ImportResultOutputID=35865b150b892c97e9ca1c0d6170ed0d DependenciesID=f58518c25f593e9d78b5639ce0d5e8d4 StaticDependenciesID=ff893ae5ef88ed3629c502670a34069f 
Number of updated asset objects reloaded before import = 0Number of asset objects unloaded after import = 1

========================================================================
Received Import Request.
  Time since last request: 0.000016 seconds.
  path: Assets/Samples/XR Interaction Toolkit/3.4.1/Hands Interaction Demo/Materials/DepthOnly.mat
  importAddress: Guid(455ef821a5429de4baeed61fa958acbc) Importer(2089858483,b0f066a214c2f5e87bad3c948f4d605d)
Start importing Assets/Samples/XR Interaction Toolkit/3.4.1/Hands Interaction Demo/Materials/DepthOnly.mat using Guid(455ef821a5429de4baeed61fa958acbc) Importer(2089858483,b0f066a214c2f5e87bad3c948f4d605d) (ScriptedImporter) -> (Import Result ID: '979b4bdd5b961aa89849a9a3594948b5') in 0.0045806 seconds [static and dynamic dependencies]. Details - ImportResultOutputID=c73154c627a2d11d581a8dd385be1657 DependenciesID=f15328e45d7535f4f14611a2954dff9f StaticDependenciesID=6b31fb5e08ab0680b55464ae8696f7a0 
Number of updated asset objects reloaded before import = 0Number of asset objects unloaded after import = 1

========================================================================
Received Import Request.
  Time since last request: 0.000018 seconds.
  path: Assets/Samples/XR Interaction Toolkit/3.4.1/Hands Interaction Demo/Scripts/PinchPointFollow.cs
  importAddress: Guid(8693657abb5062a40a80ba3cb86ef181) Importer(2089858483,b0f066a214c2f5e87bad3c948f4d605d)
Start importing Assets/Samples/XR Interaction Toolkit/3.4.1/Hands Interaction Demo/Scripts/PinchPointFollow.cs using Guid(8693657abb5062a40a80ba3cb86ef181) Importer(2089858483,b0f066a214c2f5e87bad3c948f4d605d) (ScriptedImporter) -> (Import Result ID: 'ea44648040b6ea552bb47cc5244aa00a') in 0.0065403 seconds [static and dynamic dependencies]. Details - ImportResultOutputID=6c4a859ed5a119ab8a00c6f103674403 DependenciesID=80c88375c1fb7f4058ba63126e048844 StaticDependenciesID=b597fb1de5cf2c1a079494d5bce9798a 
Number of updated asset objects reloaded before import = 0Number of asset objects unloaded after import = 0

========================================================================
Received Import Request.
  Time since last request: 0.000015 seconds.
  path: Assets/Samples/XR Interaction Toolkit/3.4.1/Hands Interaction Demo/Prefabs/LeftHandQuestVisual.prefab
  importAddress: Guid(ffd656bf2a3ba3d41b1e4a94b81b7c85) Importer(2089858483,b0f066a214c2f5e87bad3c948f4d605d)
Start importing Assets/Samples/XR Interaction Toolkit/3.4.1/Hands Interaction Demo/Prefabs/LeftHandQuestVisual.prefab using Guid(ffd656bf2a3ba3d41b1e4a94b81b7c85) Importer(2089858483,b0f066a214c2f5e87bad3c948f4d605d) (ScriptedImporter) -> (Import Result ID: 'b1a7c7999a04444ee08a1e6295ffd578') in 0.0127604 seconds [static and dynamic dependencies]. Details - ImportResultOutputID=9d115c1fc5b2786be0fc3518e0a4ff2a DependenciesID=3b34cfead048752a5209128f7a819e25 StaticDependenciesID=d37584e70bb62b19fe3ce4c309bb6e95 
Number of updated asset objects reloaded before import = 0Number of asset objects unloaded after import = 137

========================================================================
Received Import Request.
  Time since last request: 0.000032 seconds.
  path: Assets/Samples/XR Interaction Toolkit/3.4.1/Hands Interaction Demo/Prefabs/HandPokeInteractorAffordances.prefab
  importAddress: Guid(eed9e61964b17194d94ce56bffabb610) Importer(2089858483,b0f066a214c2f5e87bad3c948f4d605d)
Start importing Assets/Samples/XR Interaction Toolkit/3.4.1/Hands Interaction Demo/Prefabs/HandPokeInteractorAffordances.prefab using Guid(eed9e61964b17194d94ce56bffabb610) Importer(2089858483,b0f066a214c2f5e87bad3c948f4d605d) (ScriptedImporter) -> (Import Result ID: 'f3231f4da699fbb3baf4665437578ee6') in 0.020969 seconds [static and dynamic dependencies]. Details - ImportResultOutputID=cf5f9695fc0c6aa588a9e470149d36d0 DependenciesID=2b49fef42b7bf45b225b5ba885f247a6 StaticDependenciesID=814639b6a2a1eac29f535627001eb327 
Number of updated asset objects reloaded before import = 0Number of asset objects unloaded after import = 10

========================================================================
Received Import Request.
  Time since last request: 0.000017 seconds.
  path: Assets/Samples/XR Interaction Toolkit/3.4.1/Hands Interaction Demo/DatumPresets/Under Watch Hands Follow Preset.asset
  importAddress: Guid(5c3063cefe11749438f60126cef83288) Importer(2089858483,b0f066a214c2f5e87bad3c948f4d605d)
Start importing Assets/Samples/XR Interaction Toolkit/3.4.1/Hands Interaction Demo/DatumPresets/Under Watch Hands Follow Preset.asset using Guid(5c3063cefe11749438f60126cef83288) Importer(2089858483,b0f066a214c2f5e87bad3c948f4d605d) (ScriptedImporter) -> (Import Result ID: '82198d1db238b4a19b25ff6e0c9cd3df') in 0.0065066 seconds [static and dynamic dependencies]. Details - ImportResultOutputID=b3df10b7e4c52872f648993de5b4879a DependenciesID=7fde16c4dfa05b44a9389046c0430783 StaticDependenciesID=3934755dcbe2724ef81fbafd1b5d3023 
Number of updated asset objects reloaded before import = 0Number of asset objects unloaded after import = 1

========================================================================
Received Import Request.
  Time since last request: 0.000018 seconds.
  path: Assets/Samples/XR Interaction Toolkit/3.4.1/Hands Interaction Demo/DatumPresets/Menu Hands Follow Preset.asset
  importAddress: Guid(15088c60ea1e00448a95ebaef96316da) Importer(2089858483,b0f066a214c2f5e87bad3c948f4d605d)
Start importing Assets/Samples/XR Interaction Toolkit/3.4.1/Hands Interaction Demo/DatumPresets/Menu Hands Follow Preset.asset using Guid(15088c60ea1e00448a95ebaef96316da) Importer(2089858483,b0f066a214c2f5e87bad3c948f4d605d) (ScriptedImporter) -> (Import Result ID: 'b1d22efc8ff03ddfbd4be6ba12ce8cb9') in 0.0049634 seconds [static and dynamic dependencies]. Details - ImportResultOutputID=cd15ba9986ea737dcdec22c64ed05658 DependenciesID=cb6a04493f2ba1e0b2d36c19deed58f4 StaticDependenciesID=74b1e3841ec1aec56ca2fb9e7ba30f8a 
Number of updated asset objects reloaded before import = 0Number of asset objects unloaded after import = 1

========================================================================
Received Import Request.
  Time since last request: 0.000018 seconds.
  path: Assets/Samples/XR Interaction Toolkit/3.4.1/Hands Interaction Demo/HandsDemoScene/ReflectionProbe-0.exr
  importAddress: Guid(07dc63b77afde5e45827d1008f972b88) Importer(2089858483,b0f066a214c2f5e87bad3c948f4d605d)
Start importing Assets/Samples/XR Interaction Toolkit/3.4.1/Hands Interaction Demo/HandsDemoScene/ReflectionProbe-0.exr using Guid(07dc63b77afde5e45827d1008f972b88) Importer(2089858483,b0f066a214c2f5e87bad3c948f4d605d) (ScriptedImporter) -> (Import Result ID: 'cb29787525696e05d2ad7faf827a7844') in 0.0128975 seconds [static and dynamic dependencies]. Details - ImportResultOutputID=82eda19e93aed8b52965295cf10938fb DependenciesID=793632c8a5e82d338d11c6fc74f77874 StaticDependenciesID=e068689d4defe3f114886c7cdf552da4 
Number of updated asset objects reloaded before import = 0Number of asset objects unloaded after import = 1

========================================================================
Received Import Request.
  Time since last request: 0.000018 seconds.
  path: Assets/Samples/XR Interaction Toolkit/3.4.1/Hands Interaction Demo/DatumPresets/Under Watch Controller Follow Preset.asset
  importAddress: Guid(979c1b69d98e91041bc1c5c6e63aab97) Importer(2089858483,b0f066a214c2f5e87bad3c948f4d605d)
Start importing Assets/Samples/XR Interaction Toolkit/3.4.1/Hands Interaction Demo/DatumPresets/Under Watch Controller Follow Preset.asset using Guid(979c1b69d98e91041bc1c5c6e63aab97) Importer(2089858483,b0f066a214c2f5e87bad3c948f4d605d) (ScriptedImporter) -> (Import Result ID: '6ae3880448ca40692d60c1e91fff0eaf') in 0.0062371 seconds [static and dynamic dependencies]. Details - ImportResultOutputID=abafc611448b153e861ebfa2169693e7 DependenciesID=4509d62fa3ac1b1c412d45a36f6a69dd StaticDependenciesID=098e12d51960365f66766e25e116a1c2 
Number of updated asset objects reloaded before import = 0Number of asset objects unloaded after import = 1

========================================================================
Received Import Request.
  Time since last request: 0.000020 seconds.
  path: Assets/VRTemplateAssets/Scripts/AnchorVisuals.cs
  importAddress: Guid(b2dd7fabdb14fca498bd9e0def11ab19) Importer(2089858483,b0f066a214c2f5e87bad3c948f4d605d)
Start importing Assets/VRTemplateAssets/Scripts/AnchorVisuals.cs using Guid(b2dd7fabdb14fca498bd9e0def11ab19) Importer(2089858483,b0f066a214c2f5e87bad3c948f4d605d) (ScriptedImporter) -> (Import Result ID: '136eaa77ae75e6a871ce5e56d99b3c02') in 0.0030189 seconds [static and dynamic dependencies]. Details - ImportResultOutputID=4b351767c138bd4fa1ff2361a5e2aae7 DependenciesID=352e52c9493e2c046941e0b2f5fb0110 StaticDependenciesID=56f3e7b819035e2dff146af09f1e843d 
Number of updated asset objects reloaded before import = 0Number of asset objects unloaded after import = 0

========================================================================
Received Import Request.
  Time since last request: 0.000023 seconds.
  path: Assets/VRTemplateAssets/Materials/Environment/Concrete Blue.mat
  importAddress: Guid(895b038bf03adba4c951968630c6032d) Importer(2089858483,b0f066a214c2f5e87bad3c948f4d605d)
Start importing Assets/VRTemplateAssets/Materials/Environment/Concrete Blue.mat using Guid(895b038bf03adba4c951968630c6032d) Importer(2089858483,b0f066a214c2f5e87bad3c948f4d605d) (ScriptedImporter) -> (Import Result ID: 'd6b133b77268794a53b1b6663e357ab9') in 0.0086629 seconds [static and dynamic dependencies]. Details - ImportResultOutputID=601a13234e5ea4b21e34f329bf7b9cab DependenciesID=c313571bdb18347163d3a995ff9c299b StaticDependenciesID=1b3f6fa58cea1067c15efe29dcae0930 
Number of updated asset objects reloaded before import = 0Number of asset objects unloaded after import = 3

========================================================================
Received Import Request.
  Time since last request: 0.000019 seconds.
  path: Assets/VRTemplateAssets/Materials/Environment/Chrome.mat
  importAddress: Guid(5d46bb438eef41d449bb7588f4a77e06) Importer(2089858483,b0f066a214c2f5e87bad3c948f4d605d)
Start importing Assets/VRTemplateAssets/Materials/Environment/Chrome.mat using Guid(5d46bb438eef41d449bb7588f4a77e06) Importer(2089858483,b0f066a214c2f5e87bad3c948f4d605d) (ScriptedImporter) -> (Import Result ID: '6ed03cc3634163d46b09177d950bdc53') in 0.0069355 seconds [static and dynamic dependencies]. Details - ImportResultOutputID=b755db35a0c8513b816f5ca3d29ba7b4 DependenciesID=065f75188fc09570e03e30c2107b5c2b StaticDependenciesID=c233c4eeece8548d7c9cd61c11325653 
Number of updated asset objects reloaded before import = 0Number of asset objects unloaded after import = 2

========================================================================
Received Import Request.
  Time since last request: 0.000018 seconds.
  path: Assets/Samples/XR Interaction Toolkit/3.4.1/Hands Interaction Demo/Scripts/ReleaseThresholdButtonReader.cs
  importAddress: Guid(63f61d1c82c9fc6429ebd4791a4d6817) Importer(2089858483,b0f066a214c2f5e87bad3c948f4d605d)
Start importing Assets/Samples/XR Interaction Toolkit/3.4.1/Hands Interaction Demo/Scripts/ReleaseThresholdButtonReader.cs using Guid(63f61d1c82c9fc6429ebd4791a4d6817) Importer(2089858483,b0f066a214c2f5e87bad3c948f4d605d) (ScriptedImporter) -> (Import Result ID: 'b8442171de0bc19952511bb34e325d5d') in 0.0029886 seconds [static and dynamic dependencies]. Details - ImportResultOutputID=0b2c389b83a0102e7761d6d1dc5e490b DependenciesID=41eb1cb1c2fc4ea53bf9e7b523dac356 StaticDependenciesID=2f13443a67af2159f90d840cfd6ecdf0 
Number of updated asset objects reloaded before import = 0Number of asset objects unloaded after import = 0

========================================================================
Received Import Request.
  Time since last request: 0.000016 seconds.
  path: Assets/Samples/XR Interaction Toolkit/3.4.1/Starter Assets/Materials/UI-NoZTest.mat
  importAddress: Guid(6f3d696f7c3365846b6dc2402afb3d3e) Importer(2089858483,b0f066a214c2f5e87bad3c948f4d605d)
Start importing Assets/Samples/XR Interaction Toolkit/3.4.1/Starter Assets/Materials/UI-NoZTest.mat using Guid(6f3d696f7c3365846b6dc2402afb3d3e) Importer(2089858483,b0f066a214c2f5e87bad3c948f4d605d) (ScriptedImporter) -> (Import Result ID: 'bb61af2380bea7c673e9340224267c7d') in 0.0096288 seconds [static and dynamic dependencies]. Details - ImportResultOutputID=c11557860361b9c19ab934a43123b4a1 DependenciesID=a557a1514de40f75edf02654c8b0cc27 StaticDependenciesID=4b60ec908cfa710ea4c2f66667571e39 
Number of updated asset objects reloaded before import = 0Number of asset objects unloaded after import = 1

========================================================================
Received Import Request.
  Time since last request: 0.000019 seconds.
  path: Assets/Samples/XR Interaction Toolkit/3.4.1/Starter Assets/AffordanceThemes/PokeSphereInteraction.asset
  importAddress: Guid(c2712227db89c5142adad58b143bf039) Importer(2089858483,b0f066a214c2f5e87bad3c948f4d605d)
Start importing Assets/Samples/XR Interaction Toolkit/3.4.1/Starter Assets/AffordanceThemes/PokeSphereInteraction.asset using Guid(c2712227db89c5142adad58b143bf039) Importer(2089858483,b0f066a214c2f5e87bad3c948f4d605d) (ScriptedImporter) -> (Import Result ID: 'fcc8bf457e96f6b49817479ea9ddd883') in 0.0059177 seconds [static and dynamic dependencies]. Details - ImportResultOutputID=fc31f86dce3a8ca2a996788bc8a04017 DependenciesID=b75f354053661b7aeab0c19c677430bb StaticDependenciesID=13ad221bf3a8411a325a569995e3ac62 
Number of updated asset objects reloaded before import = 0Number of asset objects unloaded after import = 1

========================================================================
Received Import Request.
  Time since last request: 0.000018 seconds.
  path: Assets/Samples/XR Interaction Toolkit/3.4.1/Starter Assets/Materials/Controller_Grey.mat
  importAddress: Guid(99685157b02e4d446bbecb015645e5e8) Importer(2089858483,b0f066a214c2f5e87bad3c948f4d605d)
Start importing Assets/Samples/XR Interaction Toolkit/3.4.1/Starter Assets/Materials/Controller_Grey.mat using Guid(99685157b02e4d446bbecb015645e5e8) Importer(2089858483,b0f066a214c2f5e87bad3c948f4d605d) (ScriptedImporter) -> (Import Result ID: '7e860f1969639a02c2a7e0aa11d54e7a') in 0.0067303 seconds [static and dynamic dependencies]. Details - ImportResultOutputID=7b9a4641a5187d510cd872740d9ea763 DependenciesID=f82c29f077e6d20335a5113ebb201d29 StaticDependenciesID=0e0fe012919d7687cae5cd8c1b0f4857 
Number of updated asset objects reloaded before import = 0Number of asset objects unloaded after import = 2

========================================================================
Received Import Request.
  Time since last request: 0.000028 seconds.
  path: Assets/Samples/XR Interaction Toolkit/3.4.1/Starter Assets/Animations/ArrowBounce.anim
  importAddress: Guid(ebfa13455423c254e943b87bf6e1f310) Importer(2089858483,b0f066a214c2f5e87bad3c948f4d605d)
Start importing Assets/Samples/XR Interaction Toolkit/3.4.1/Starter Assets/Animations/ArrowBounce.anim using Guid(ebfa13455423c254e943b87bf6e1f310) Importer(2089858483,b0f066a214c2f5e87bad3c948f4d605d) (ScriptedImporter) -> (Import Result ID: '14b397525fcd04fae7ff3626de42769c') in 0.0085237 seconds [static and dynamic dependencies]. Details - ImportResultOutputID=20e9546fed5efbfa6a922d4051d60abd DependenciesID=2faacee9f64e7e7f54f7ca55004355fd StaticDependenciesID=8e2070ac9fb7d394c2aa6d6e6e7e1aaf 
Number of updated asset objects reloaded before import = 0Number of asset objects unloaded after import = 1

========================================================================
Received Import Request.
  Time since last request: 0.000014 seconds.
  path: Assets/Samples/XR Interaction Toolkit/3.4.1/Starter Assets/Materials/Interactable.mat
  importAddress: Guid(76618f7490c40334fa7b685859587d2e) Importer(2089858483,b0f066a214c2f5e87bad3c948f4d605d)
Start importing Assets/Samples/XR Interaction Toolkit/3.4.1/Starter Assets/Materials/Interactable.mat using Guid(76618f7490c40334fa7b685859587d2e) Importer(2089858483,b0f066a214c2f5e87bad3c948f4d605d) (ScriptedImporter) -> (Import Result ID: '54e386a7e18f9248e9a046e5553d3374') in 0.0073174 seconds [static and dynamic dependencies]. Details - ImportResultOutputID=5243c1f2e63d2fc940e65aa0c7eeee07 DependenciesID=2352a7755b603bffb7385e51072c7163 StaticDependenciesID=d2b40a5eab3c78abec3f52bbcd774e9d 
Number of updated asset objects reloaded before import = 0Number of asset objects unloaded after import = 7

========================================================================
Received Import Request.
  Time since last request: 0.000014 seconds.
  path: Assets/Samples/XR Hands/1.7.3/HandVisualizer/Materials/TransparentRed.mat
  importAddress: Guid(d0e81afd49d98447aaeb49b1bb2c0599) Importer(2089858483,b0f066a214c2f5e87bad3c948f4d605d)
Start importing Assets/Samples/XR Hands/1.7.3/HandVisualizer/Materials/TransparentRed.mat using Guid(d0e81afd49d98447aaeb49b1bb2c0599) Importer(2089858483,b0f066a214c2f5e87bad3c948f4d605d) (ScriptedImporter) -> (Import Result ID: 'dc1a904e70950dcfed3c2048418bb915') in 0.0060194 seconds [static and dynamic dependencies]. Details - ImportResultOutputID=53bc5f294b53c598f0c7c102d1e50fff DependenciesID=604c2376be1c5e53ae217bc9fc03195a StaticDependenciesID=1968b310bd997243426df94438061546 
Number of updated asset objects reloaded before import = 0Number of asset objects unloaded after import = 3

========================================================================
Received Import Request.
  Time since last request: 0.000025 seconds.
  path: Assets/Scenes/BasicScene.unity
  importAddress: Guid(4e9fef26e6adb88479ad1b9834a32d94) Importer(2089858483,b0f066a214c2f5e87bad3c948f4d605d)
Start importing Assets/Scenes/BasicScene.unity using Guid(4e9fef26e6adb88479ad1b9834a32d94) Importer(2089858483,b0f066a214c2f5e87bad3c948f4d605d) (ScriptedImporter) -> (Import Result ID: '9b6cdded9cfc0350251d91ae5433eaaf') in 0.0064919 seconds [static and dynamic dependencies]. Details - ImportResultOutputID=695d5b1b194ff9f850fbe02442612f92 DependenciesID=be6b19583e3349b33793c753281b1e26 StaticDependenciesID=b061684fc092f481f44ef5d68a04db6a 
Number of updated asset objects reloaded before import = 0Number of asset objects unloaded after import = 1

========================================================================
Received Import Request.
  Time since last request: 0.000017 seconds.
  path: Assets/Samples/XR Interaction Toolkit/3.4.1/Starter Assets/AffordanceThemes/HighlightInteractionColor.asset
  importAddress: Guid(8b0b5aede76faac438e02d2a468f4805) Importer(2089858483,b0f066a214c2f5e87bad3c948f4d605d)
Start importing Assets/Samples/XR Interaction Toolkit/3.4.1/Starter Assets/AffordanceThemes/HighlightInteractionColor.asset using Guid(8b0b5aede76faac438e02d2a468f4805) Importer(2089858483,b0f066a214c2f5e87bad3c948f4d605d) (ScriptedImporter) -> (Import Result ID: 'daa199f1b0d43904c54cc39c800a35ba') in 0.003415 seconds [static and dynamic dependencies]. Details - ImportResultOutputID=52bea6da2f06a5fc6b8fd9406ad565b1 DependenciesID=7f3b657cce5b1522f4d05d408e3a05fe StaticDependenciesID=2f3bd176edf1f6e4ab323bdfd5cb91d6 
Number of updated asset objects reloaded before import = 0Number of asset objects unloaded after import = 1

========================================================================
Received Import Request.
  Time since last request: 0.000017 seconds.
  path: Assets/Samples/XR Hands/1.7.3/HandVisualizer/Scripts/MaterialPipelineHandler.cs
  importAddress: Guid(6772a216ed6f29c42abef904c7d6940d) Importer(2089858483,b0f066a214c2f5e87bad3c948f4d605d)
Start importing Assets/Samples/XR Hands/1.7.3/HandVisualizer/Scripts/MaterialPipelineHandler.cs using Guid(6772a216ed6f29c42abef904c7d6940d) Importer(2089858483,b0f066a214c2f5e87bad3c948f4d605d) (ScriptedImporter) -> (Import Result ID: '47e39ef164d356eb513fd3c3cf2f71e5') in 0.0031167 seconds [static and dynamic dependencies]. Details - ImportResultOutputID=0de7150990657436fda355922c78e05b DependenciesID=f95eced9b8fed3b9ea67a44d80b8a5f0 StaticDependenciesID=9471eb218257a3b6d686edb271b90dbb 
Number of updated asset objects reloaded before import = 0Number of asset objects unloaded after import = 0

========================================================================
Received Import Request.
  Time since last request: 0.000024 seconds.
  path: Assets/Samples/XR Interaction Toolkit/3.4.1/Hands Interaction Demo/AffordanceThemes/HandEdgeColor.asset
  importAddress: Guid(f94337e1a5a93c7438d8f8508b246e6d) Importer(2089858483,b0f066a214c2f5e87bad3c948f4d605d)
Start importing Assets/Samples/XR Interaction Toolkit/3.4.1/Hands Interaction Demo/AffordanceThemes/HandEdgeColor.asset using Guid(f94337e1a5a93c7438d8f8508b246e6d) Importer(2089858483,b0f066a214c2f5e87bad3c948f4d605d) (ScriptedImporter) -> (Import Result ID: '7a21bc9c09c0e36440e1c0df780f4fbf') in 0.0040815 seconds [static and dynamic dependencies]. Details - ImportResultOutputID=a43f28a0339e5fc38a32157982c024fd DependenciesID=f1ac639e8d3e9efb21b373a2b8acaf71 StaticDependenciesID=1fae851a94ca238a188d533a477cb90c 
Number of updated asset objects reloaded before import = 0Number of asset objects unloaded after import = 1

========================================================================
Received Import Request.
  Time since last request: 0.000022 seconds.
  path: Assets/Samples/XR Interaction Toolkit/3.4.1/Hands Interaction Demo/Prefabs/RightHandQuestVisual.prefab
  importAddress: Guid(89e80c47615e4f043926d66492d3ca5f) Importer(2089858483,b0f066a214c2f5e87bad3c948f4d605d)
Start importing Assets/Samples/XR Interaction Toolkit/3.4.1/Hands Interaction Demo/Prefabs/RightHandQuestVisual.prefab using Guid(89e80c47615e4f043926d66492d3ca5f) Importer(2089858483,b0f066a214c2f5e87bad3c948f4d605d) (ScriptedImporter) -> (Import Result ID: 'ce121d2625bf0a36154dc0cd49ec53f7') in 0.0092029 seconds [static and dynamic dependencies]. Details - ImportResultOutputID=a69ed2da6a678b0a68afd34a4d6aa4f1 DependenciesID=eba399dcf8b7b85ff19cc44e4e3fd112 StaticDependenciesID=cce968d9115591a7d997610114a2d6cd 
Number of updated asset objects reloaded before import = 0Number of asset objects unloaded after import = 137

========================================================================
Received Import Request.
  Time since last request: 0.000019 seconds.
  path: Assets/Samples/XR Interaction Toolkit/3.4.1/Hands Interaction Demo/Scripts/Vector3ScaleAffordanceReceiver.cs
  importAddress: Guid(27bee223346c63f4bb2b0f85250f58b7) Importer(2089858483,b0f066a214c2f5e87bad3c948f4d605d)
Start importing Assets/Samples/XR Interaction Toolkit/3.4.1/Hands Interaction Demo/Scripts/Vector3ScaleAffordanceReceiver.cs using Guid(27bee223346c63f4bb2b0f85250f58b7) Importer(2089858483,b0f066a214c2f5e87bad3c948f4d605d) (ScriptedImporter) -> (Import Result ID: '7ac136fa7a8b24650fd2ffaceb126806') in 0.0032993 seconds [static and dynamic dependencies]. Details - ImportResultOutputID=0583bca54d31cf22c1fe7c781db1a569 DependenciesID=438c8551c56b1f6b3c5f231a1b1412c6 StaticDependenciesID=1cf1cb459a51c47ff8d37e567f163be3 
Number of updated asset objects reloaded before import = 0Number of asset objects unloaded after import = 0

========================================================================
Received Import Request.
  Time since last request: 0.000014 seconds.
  path: Assets/Samples/XR Interaction Toolkit/3.4.1/Hands Interaction Demo/DatumPresets/Menu Controller Follow Preset.asset
  importAddress: Guid(2899508b1645c5e4fa421b4217da9539) Importer(2089858483,b0f066a214c2f5e87bad3c948f4d605d)
Start importing Assets/Samples/XR Interaction Toolkit/3.4.1/Hands Interaction Demo/DatumPresets/Menu Controller Follow Preset.asset using Guid(2899508b1645c5e4fa421b4217da9539) Importer(2089858483,b0f066a214c2f5e87bad3c948f4d605d) (ScriptedImporter) -> (Import Result ID: 'dd21218a4ed6bd1822d346f09b116feb') in 0.0046964 seconds [static and dynamic dependencies]. Details - ImportResultOutputID=b4b3ce6fd3a37a456a65e4f39a37b2b8 DependenciesID=789aac5ca8aedd1edb97abd79d0373e2 StaticDependenciesID=36eb7af843ba0db1ea6534ceaa9f2f14 
Number of updated asset objects reloaded before import = 0Number of asset objects unloaded after import = 1

========================================================================
Received Import Request.
  Time since last request: 0.000014 seconds.
  path: Assets/Samples/XR Interaction Toolkit/3.4.1/Starter Assets/Models/BlinkVisual.fbx
  importAddress: Guid(27b7629e54b332449bfa3a4065ffe17a) Importer(2089858483,b0f066a214c2f5e87bad3c948f4d605d)
Start importing Assets/Samples/XR Interaction Toolkit/3.4.1/Starter Assets/Models/BlinkVisual.fbx using Guid(27b7629e54b332449bfa3a4065ffe17a) Importer(2089858483,b0f066a214c2f5e87bad3c948f4d605d) (ScriptedImporter) -> (Import Result ID: '1981bed2e64ac60e7db6f88c33b83532') in 0.0105917 seconds [static and dynamic dependencies]. Details - ImportResultOutputID=11dda2f1b45edb2e3599b46af841d8ea DependenciesID=fa8dc3f763254c7394c701388ce99470 StaticDependenciesID=0c58c9b1077f0a59a97c8c8ed4a816b6 
Number of updated asset objects reloaded before import = 0Number of asset objects unloaded after import = 8

========================================================================
Received Import Request.
  Time since last request: 0.000020 seconds.
  path: Assets/Samples/XR Interaction Toolkit/3.4.1/Starter Assets/Scripts/ObjectSpawner.cs
  importAddress: Guid(956dd6cf70eaca449a45b6a95b96c8c1) Importer(2089858483,b0f066a214c2f5e87bad3c948f4d605d)
Start importing Assets/Samples/XR Interaction Toolkit/3.4.1/Starter Assets/Scripts/ObjectSpawner.cs using Guid(956dd6cf70eaca449a45b6a95b96c8c1) Importer(2089858483,b0f066a214c2f5e87bad3c948f4d605d) (ScriptedImporter) -> (Import Result ID: '2ce66898def45bc9ea3e2b35b6e8e8ba') in 0.0037516 seconds [static and dynamic dependencies]. Details - ImportResultOutputID=c8ad6ac599eb3ba54dd00c2969ad2c77 DependenciesID=5aa2829ef04ad91bcb35663ffd8ee5dd StaticDependenciesID=e34cb25ee4c9765d39a5090cfddee2c2 
Number of updated asset objects reloaded before import = 0Number of asset objects unloaded after import = 0

========================================================================
Received Import Request.
  Time since last request: 0.000016 seconds.
  path: Assets/Samples/XR Interaction Toolkit/3.4.1/Starter Assets/Scripts/TeleportVolumeAnchorAffordanceStateLink.cs
  importAddress: Guid(7da98a0edd844d83b9b4de3f91de030c) Importer(2089858483,b0f066a214c2f5e87bad3c948f4d605d)
Start importing Assets/Samples/XR Interaction Toolkit/3.4.1/Starter Assets/Scripts/TeleportVolumeAnchorAffordanceStateLink.cs using Guid(7da98a0edd844d83b9b4de3f91de030c) Importer(2089858483,b0f066a214c2f5e87bad3c948f4d605d) (ScriptedImporter) -> (Import Result ID: 'f914b78c814f3424af65c45a390c7011') in 0.0036514 seconds [static and dynamic dependencies]. Details - ImportResultOutputID=8e0d0a995174bda7afdd6706e50de242 DependenciesID=1b19e21ecb92fea6042bb82fbc823cee StaticDependenciesID=a0b8554cf236193b1400f15e1b21fe3e 
Number of updated asset objects reloaded before import = 0Number of asset objects unloaded after import = 0

========================================================================
Received Import Request.
  Time since last request: 0.000018 seconds.
  path: Assets/Samples/XR Interaction Toolkit/3.4.1/Starter Assets/Presets/XRI Default Right Grab Move.preset
  importAddress: Guid(fdc4f514b7b1e9c4eb39713ad9dd4eba) Importer(2089858483,b0f066a214c2f5e87bad3c948f4d605d)
Start importing Assets/Samples/XR Interaction Toolkit/3.4.1/Starter Assets/Presets/XRI Default Right Grab Move.preset using Guid(fdc4f514b7b1e9c4eb39713ad9dd4eba) Importer(2089858483,b0f066a214c2f5e87bad3c948f4d605d) (ScriptedImporter) -> (Import Result ID: '459db1c2d0eac3d5c1029776e13311b7') in 0.0128774 seconds [static and dynamic dependencies]. Details - ImportResultOutputID=6acb13f673bdf6a831f6dce965c00eb4 DependenciesID=1a9f2f64db26dc5307bec61133432b21 StaticDependenciesID=13426329c71b4325d52fb4285af3e086 
Number of updated asset objects reloaded before import = 0Number of asset objects unloaded after import = 3

========================================================================
Received Import Request.
  Time since last request: 0.000027 seconds.
  path: Assets/Samples/XR Interaction Toolkit/3.4.1/Starter Assets/Presets/XRI Default Continuous Turn.preset
  importAddress: Guid(735a78fc7c2a98a4e85e0e42bf895f48) Importer(2089858483,b0f066a214c2f5e87bad3c948f4d605d)
Start importing Assets/Samples/XR Interaction Toolkit/3.4.1/Starter Assets/Presets/XRI Default Continuous Turn.preset using Guid(735a78fc7c2a98a4e85e0e42bf895f48) Importer(2089858483,b0f066a214c2f5e87bad3c948f4d605d) (ScriptedImporter) -> (Import Result ID: '6c88fd7febc298217579da800c43b9f0') in 0.006707 seconds [static and dynamic dependencies]. Details - ImportResultOutputID=4d64dcc8d0cb53fddd6972f600ee2ca7 DependenciesID=2d4c02b44bf37c26161d982731a4f7e6 StaticDependenciesID=9657c9dd69855c562acfb87f294bbdfe 
Number of updated asset objects reloaded before import = 0Number of asset objects unloaded after import = 4

========================================================================
Received Import Request.
  Time since last request: 0.000020 seconds.
  path: Assets/Samples/XR Interaction Toolkit/3.4.1/Starter Assets/Models/Primitive_Wedge.fbx
  importAddress: Guid(ab3a79eba4de4be0ad5fead9fb858190) Importer(2089858483,b0f066a214c2f5e87bad3c948f4d605d)
Start importing Assets/Samples/XR Interaction Toolkit/3.4.1/Starter Assets/Models/Primitive_Wedge.fbx using Guid(ab3a79eba4de4be0ad5fead9fb858190) Importer(2089858483,b0f066a214c2f5e87bad3c948f4d605d) (ScriptedImporter) -> (Import Result ID: 'f4b10baf0ec4115a27127aff9629a881') in 0.0104312 seconds [static and dynamic dependencies]. Details - ImportResultOutputID=501e9f6634e42d0dc9f71c8340995a04 DependenciesID=40956fe11af1eb25e9437f12c8f634d2 StaticDependenciesID=74331f94b7b49c1b33b9e7cf0a95ad33 
Number of updated asset objects reloaded before import = 0Number of asset objects unloaded after import = 9

========================================================================
Received Import Request.
  Time since last request: 0.000015 seconds.
  path: Assets/Samples/XR Interaction Toolkit/3.4.1/Starter Assets/Shaders/Interactable.shadergraph
  importAddress: Guid(0927d29e476ce5843b1f7d2a96943c51) Importer(2089858483,b0f066a214c2f5e87bad3c948f4d605d)
Start importing Assets/Samples/XR Interaction Toolkit/3.4.1/Starter Assets/Shaders/Interactable.shadergraph using Guid(0927d29e476ce5843b1f7d2a96943c51) Importer(2089858483,b0f066a214c2f5e87bad3c948f4d605d) (ScriptedImporter) -> (Import Result ID: '90817cfd5f904308ca208401788d8042') in 0.0067232 seconds [static and dynamic dependencies]. Details - ImportResultOutputID=3b45e293474925fc59101c0d2575d5d6 DependenciesID=705135744a79b1f5d9c35744365cf47d StaticDependenciesID=ff100f941b4d601f60174620c3c77706 
Number of updated asset objects reloaded before import = 0Number of asset objects unloaded after import = 5

========================================================================
Received Import Request.
  Time since last request: 0.000019 seconds.
  path: Assets/Samples/XR Interaction Toolkit/3.4.1/Starter Assets/Models/UniversalController.fbx
  importAddress: Guid(147ae308eec018b40a7b312ae58f44c7) Importer(2089858483,b0f066a214c2f5e87bad3c948f4d605d)
Start importing Assets/Samples/XR Interaction Toolkit/3.4.1/Starter Assets/Models/UniversalController.fbx using Guid(147ae308eec018b40a7b312ae58f44c7) Importer(2089858483,b0f066a214c2f5e87bad3c948f4d605d) (ScriptedImporter) -> (Import Result ID: 'f98ac71416ec660f859cb0ebb04da4d5') in 0.0108006 seconds [static and dynamic dependencies]. Details - ImportResultOutputID=db5dc380b81478020a60bc3087199500 DependenciesID=be3f36803a356e7052fda519fe504136 StaticDependenciesID=0a10f6f4af5f7484bdc6fb0c0d012b0e 
Number of updated asset objects reloaded before import = 0Number of asset objects unloaded after import = 51

========================================================================
Received Import Request.
  Time since last request: 0.000012 seconds.
  path: Assets/Samples/XR Interaction Toolkit/3.4.1/Starter Assets/AffordanceThemes/HighlightStrengthInteraction.asset
  importAddress: Guid(795305341a8dbbd46ae54e9a01d6ea95) Importer(2089858483,b0f066a214c2f5e87bad3c948f4d605d)
Start importing Assets/Samples/XR Interaction Toolkit/3.4.1/Starter Assets/AffordanceThemes/HighlightStrengthInteraction.asset using Guid(795305341a8dbbd46ae54e9a01d6ea95) Importer(2089858483,b0f066a214c2f5e87bad3c948f4d605d) (ScriptedImporter) -> (Import Result ID: '1afa4d14b079f56478a327bad5533952') in 0.0037709 seconds [static and dynamic dependencies]. Details - ImportResultOutputID=e201992cd39e3f8f87fa20d2130cfb91 DependenciesID=4ff5982f3d5e8547f42ee4bb440ab378 StaticDependenciesID=f6ecb758552b988b6f56fe68bf16db0c 
Number of updated asset objects reloaded before import = 0Number of asset objects unloaded after import = 1

========================================================================
Received Import Request.
  Time since last request: 0.000021 seconds.
  path: Assets/Samples/XR Interaction Toolkit/3.4.1/Hands Interaction Demo/HandsDemoScene.unity
  importAddress: Guid(3ff35cecbcc52cc42945cf531638a60a) Importer(2089858483,b0f066a214c2f5e87bad3c948f4d605d)
Start importing Assets/Samples/XR Interaction Toolkit/3.4.1/Hands Interaction Demo/HandsDemoScene.unity using Guid(3ff35cecbcc52cc42945cf531638a60a) Importer(2089858483,b0f066a214c2f5e87bad3c948f4d605d) (ScriptedImporter) -> (Import Result ID: '04064632bf5aaec7a22d20219c0fa6d2') in 0.0105561 seconds [static and dynamic dependencies]. Details - ImportResultOutputID=5977eec1317d5393170b4a0ce7eab103 DependenciesID=597d942233e877cf1434833160073000 StaticDependenciesID=d6ffc8d245dcaad6f51b6542e2fb7d7a 
Number of updated asset objects reloaded before import = 0Number of asset objects unloaded after import = 1

========================================================================
Received Import Request.
  Time since last request: 0.000021 seconds.
  path: Assets/Samples/XR Interaction Toolkit/3.4.1/Starter Assets/Scripts/ToggleComponentZone.cs
  importAddress: Guid(5fe39fdeebcc91a45919bfcb77ef6eb4) Importer(2089858483,b0f066a214c2f5e87bad3c948f4d605d)
Start importing Assets/Samples/XR Interaction Toolkit/3.4.1/Starter Assets/Scripts/ToggleComponentZone.cs using Guid(5fe39fdeebcc91a45919bfcb77ef6eb4) Importer(2089858483,b0f066a214c2f5e87bad3c948f4d605d) (ScriptedImporter) -> (Import Result ID: 'd3fa293caa467e101897bd3212cd7b43') in 0.0033308 seconds [static and dynamic dependencies]. Details - ImportResultOutputID=810e8c837b7c38538fcaa6a298d82acb DependenciesID=45b4361c738a5af15019f0a1a5a65f7e StaticDependenciesID=809c713a28ce24a6c30e3067734181e8 
Number of updated asset objects reloaded before import = 0Number of asset objects unloaded after import = 0

========================================================================
Received Import Request.
  Time since last request: 0.000016 seconds.
  path: Assets/Samples/XR Interaction Toolkit/3.4.1/Starter Assets/Presets/XRI Default Right Controller InputActionManager.preset
  importAddress: Guid(55f7614a1d331d14bb631965514937d8) Importer(2089858483,b0f066a214c2f5e87bad3c948f4d605d)
Start importing Assets/Samples/XR Interaction Toolkit/3.4.1/Starter Assets/Presets/XRI Default Right Controller InputActionManager.preset using Guid(55f7614a1d331d14bb631965514937d8) Importer(2089858483,b0f066a214c2f5e87bad3c948f4d605d) (ScriptedImporter) -> (Import Result ID: '07212ff3e66e8dab4fab10a1c18f12c6') in 0.0063926 seconds [static and dynamic dependencies]. Details - ImportResultOutputID=89daa5ee4b7937df1b30300af6cccb8d DependenciesID=9db369b83606334dd35f5353ea2da9cf StaticDependenciesID=d7791fe76b52589b2becc2b82c337bbf 
Number of updated asset objects reloaded before import = 0Number of asset objects unloaded after import = 8

========================================================================
Received Import Request.
  Time since last request: 0.000018 seconds.
  path: Assets/Samples/XR Interaction Toolkit/3.4.1/Hands Interaction Demo/DemoAssets/Audio/ButtonClick.wav
  importAddress: Guid(eeeda5dce5e1d344f8e2f6195f16cb38) Importer(2089858483,b0f066a214c2f5e87bad3c948f4d605d)
Start importing Assets/Samples/XR Interaction Toolkit/3.4.1/Hands Interaction Demo/DemoAssets/Audio/ButtonClick.wav using Guid(eeeda5dce5e1d344f8e2f6195f16cb38) Importer(2089858483,b0f066a214c2f5e87bad3c948f4d605d) (ScriptedImporter) -> (Import Result ID: '47745d86d8304b4856dfdda90e837880') in 0.0079194 seconds [static and dynamic dependencies]. Details - ImportResultOutputID=8fb06c36a9e9dde8491acfd30003b14b DependenciesID=7b74dffdcecfbd5bfe9244d970362ec3 StaticDependenciesID=edf525c784fe215bd61c12ca6920954e 
Number of updated asset objects reloaded before import = 0Number of asset objects unloaded after import = 1

========================================================================
Received Import Request.
  Time since last request: 0.000016 seconds.
  path: Assets/Samples/XR Interaction Toolkit/3.4.1/Starter Assets/TunnelingVignette/TunnelingVignette.mat
  importAddress: Guid(0a35b7e20f75a8540a2c14b9555078cb) Importer(2089858483,b0f066a214c2f5e87bad3c948f4d605d)
Start importing Assets/Samples/XR Interaction Toolkit/3.4.1/Starter Assets/TunnelingVignette/TunnelingVignette.mat using Guid(0a35b7e20f75a8540a2c14b9555078cb) Importer(2089858483,b0f066a214c2f5e87bad3c948f4d605d) (ScriptedImporter) -> (Import Result ID: 'de84bdbd7f9f5c76c51ce9b4424ab4cc') in 0.0039497 seconds [static and dynamic dependencies]. Details - ImportResultOutputID=cc44c9c7ed02a00f0de3e070a4c5a693 DependenciesID=9a27e5b14cfdb2af00d7f0b01ca81168 StaticDependenciesID=b9c69faa93c3c0b134e3e895d28e207f 
Number of updated asset objects reloaded before import = 0Number of asset objects unloaded after import = 1

========================================================================
Received Import Request.
  Time since last request: 0.000015 seconds.
  path: Assets/Samples/XR Interaction Toolkit/3.4.1/Hands Interaction Demo/DemoAssets/Scripts/ObjectResetPlane.cs
  importAddress: Guid(54ce4268a4182384da360e6e2654d3a6) Importer(2089858483,b0f066a214c2f5e87bad3c948f4d605d)
Start importing Assets/Samples/XR Interaction Toolkit/3.4.1/Hands Interaction Demo/DemoAssets/Scripts/ObjectResetPlane.cs using Guid(54ce4268a4182384da360e6e2654d3a6) Importer(2089858483,b0f066a214c2f5e87bad3c948f4d605d) (ScriptedImporter) -> (Import Result ID: '6c6c2b5d26e08e80aa3854045eda355c') in 0.002908 seconds [static and dynamic dependencies]. Details - ImportResultOutputID=125b206e0578d771ae6367838623e3ec DependenciesID=b4ab45786e091310389f4946a485f1b0 StaticDependenciesID=e907ec0413c4b3bbc8612543e4dd5846 
Number of updated asset objects reloaded before import = 0Number of asset objects unloaded after import = 0

========================================================================
Received Import Request.
  Time since last request: 0.000020 seconds.
  path: Assets/Samples/XR Interaction Toolkit/3.4.1/Hands Interaction Demo/DemoAssets/Audio/ButtonHover.wav
  importAddress: Guid(9a6d738025ed59f4fb946bb59c20e774) Importer(2089858483,b0f066a214c2f5e87bad3c948f4d605d)
Start importing Assets/Samples/XR Interaction Toolkit/3.4.1/Hands Interaction Demo/DemoAssets/Audio/ButtonHover.wav using Guid(9a6d738025ed59f4fb946bb59c20e774) Importer(2089858483,b0f066a214c2f5e87bad3c948f4d605d) (ScriptedImporter) -> (Import Result ID: 'f007d13ae4196e9473ed0919c3294717') in 0.0045341 seconds [static and dynamic dependencies]. Details - ImportResultOutputID=7a7452f486686e39799f4db4e74601c2 DependenciesID=ec1e7ec4a3b0c3006003bd6a6edf35d6 StaticDependenciesID=e9e209388c6975ca3e6c27ed01f94b6b 
Number of updated asset objects reloaded before import = 0Number of asset objects unloaded after import = 1

========================================================================
Received Import Request.
  Time since last request: 0.000021 seconds.
  path: Assets/Samples/XR Interaction Toolkit/3.4.1/Hands Interaction Demo/DemoAssets/Materials/Interactable White.mat
  importAddress: Guid(b3c19a119577be64885886bfcc8792fe) Importer(2089858483,b0f066a214c2f5e87bad3c948f4d605d)
Start importing Assets/Samples/XR Interaction Toolkit/3.4.1/Hands Interaction Demo/DemoAssets/Materials/Interactable White.mat using Guid(b3c19a119577be64885886bfcc8792fe) Importer(2089858483,b0f066a214c2f5e87bad3c948f4d605d) (ScriptedImporter) -> (Import Result ID: '1a020c5ef6b08e0d1fe6e8ee3245e495') in 0.0065472 seconds [static and dynamic dependencies]. Details - ImportResultOutputID=b873599e7f3a355524dc27b46c25ea2b DependenciesID=671908561667d30d3014737df08a9adc StaticDependenciesID=6dc6e8f150be356b53664950726accac 
Number of updated asset objects reloaded before import = 0Number of asset objects unloaded after import = 7

========================================================================
Received Import Request.
  Time since last request: 0.000025 seconds.
  path: Assets/Samples/XR Interaction Toolkit/3.4.1/Hands Interaction Demo/DemoAssets/Affordances/Audio.asset
  importAddress: Guid(57def9352cdee8548bfc9ebc6a55914a) Importer(2089858483,b0f066a214c2f5e87bad3c948f4d605d)
Start importing Assets/Samples/XR Interaction Toolkit/3.4.1/Hands Interaction Demo/DemoAssets/Affordances/Audio.asset using Guid(57def9352cdee8548bfc9ebc6a55914a) Importer(2089858483,b0f066a214c2f5e87bad3c948f4d605d) (ScriptedImporter) -> (Import Result ID: '1b65e3df4b661e84cb05ff903e9a2dc8') in 0.0054119 seconds [static and dynamic dependencies]. Details - ImportResultOutputID=a99b0d0542114e1e49add882b10d09c0 DependenciesID=a300bd34f2cd21e01353add81456633c StaticDependenciesID=d4d871db548ac423b8f4ea720541e3c0 
Number of updated asset objects reloaded before import = 0Number of asset objects unloaded after import = 3

========================================================================
Received Import Request.
  Time since last request: 0.000013 seconds.
  path: Assets/Samples/XR Interaction Toolkit/3.4.1/Hands Interaction Demo/DemoAssets/Affordances/LargeScale.asset
  importAddress: Guid(d47a7e28eb1851943b2b99ded7acba3b) Importer(2089858483,b0f066a214c2f5e87bad3c948f4d605d)
Start importing Assets/Samples/XR Interaction Toolkit/3.4.1/Hands Interaction Demo/DemoAssets/Affordances/LargeScale.asset using Guid(d47a7e28eb1851943b2b99ded7acba3b) Importer(2089858483,b0f066a214c2f5e87bad3c948f4d605d) (ScriptedImporter) -> (Import Result ID: '83a2ed6e98c34c13170137964fc46911') in 0.0049873 seconds [static and dynamic dependencies]. Details - ImportResultOutputID=1b982dd6d503c547b3d6c3013fa085fb DependenciesID=cb24c39c5d7e20a112a1a0b97ecd0438 StaticDependenciesID=540a8b4ad80d90008a609b276549443f 
Number of updated asset objects reloaded before import = 0Number of asset objects unloaded after import = 1

========================================================================
Received Import Request.
  Time since last request: 0.000013 seconds.
  path: Assets/Samples/XR Interaction Toolkit/3.4.1/Hands Interaction Demo/DemoAssets/Affordances/ChessPieceColor.asset
  importAddress: Guid(c39d3614cd6089347a01b0743003ae34) Importer(2089858483,b0f066a214c2f5e87bad3c948f4d605d)
Start importing Assets/Samples/XR Interaction Toolkit/3.4.1/Hands Interaction Demo/DemoAssets/Affordances/ChessPieceColor.asset using Guid(c39d3614cd6089347a01b0743003ae34) Importer(2089858483,b0f066a214c2f5e87bad3c948f4d605d) (ScriptedImporter) -> (Import Result ID: 'e3673e2b46f11b31238c3417f3f8d863') in 0.0038764 seconds [static and dynamic dependencies]. Details - ImportResultOutputID=fb1c1a5ab6b2cb03e0a04475fb0b8c53 DependenciesID=6a8dd96906ea03e85bfd35223995826c StaticDependenciesID=7f1b24acf029740f5ffdeb3f0d4d5a2b 
Number of updated asset objects reloaded before import = 0Number of asset objects unloaded after import = 1

========================================================================
Received Import Request.
  Time since last request: 0.000012 seconds.
  path: Assets/Samples/XR Interaction Toolkit/3.4.1/Hands Interaction Demo/DemoAssets/Prefabs/SimpleSocket.prefab
  importAddress: Guid(aec71f91a8da27d418aa44bd0c543f9b) Importer(2089858483,b0f066a214c2f5e87bad3c948f4d605d)
Start importing Assets/Samples/XR Interaction Toolkit/3.4.1/Hands Interaction Demo/DemoAssets/Prefabs/SimpleSocket.prefab using Guid(aec71f91a8da27d418aa44bd0c543f9b) Importer(2089858483,b0f066a214c2f5e87bad3c948f4d605d) (ScriptedImporter) -> (Import Result ID: '18a6ee4faf45b4b4227ddcfc389c6aa3') in 0.0204545 seconds [static and dynamic dependencies]. Details - ImportResultOutputID=5e291b05a85e84c2763cd3040468628b DependenciesID=d9ff60ba99840dae2f887136de0b7c69 StaticDependenciesID=aa013231799a023d8e403189d6e20cc4 
Number of updated asset objects reloaded before import = 0Number of asset objects unloaded after import = 26

========================================================================
Received Import Request.
  Time since last request: 0.000015 seconds.
  path: Assets/Samples/XR Interaction Toolkit/3.4.1/Hands Interaction Demo/DemoAssets/Affordances/CapsuleScale.asset
  importAddress: Guid(e5acc2ade2588d44fb53e968cd702099) Importer(2089858483,b0f066a214c2f5e87bad3c948f4d605d)
Start importing Assets/Samples/XR Interaction Toolkit/3.4.1/Hands Interaction Demo/DemoAssets/Affordances/CapsuleScale.asset using Guid(e5acc2ade2588d44fb53e968cd702099) Importer(2089858483,b0f066a214c2f5e87bad3c948f4d605d) (ScriptedImporter) -> (Import Result ID: '53f0fff755f445d3e4f96180b51a2377') in 0.0050189 seconds [static and dynamic dependencies]. Details - ImportResultOutputID=b69d9ed46d1d227a52ca93b8a2c226b2 DependenciesID=d279ea0df8c57c3f9c7c5909df92c4f7 StaticDependenciesID=6179b37ec183667e9e9df7de9f98f343 
Number of updated asset objects reloaded before import = 0Number of asset objects unloaded after import = 1

========================================================================
Received Import Request.
  Time since last request: 0.000017 seconds.
  path: Assets/Samples/XR Interaction Toolkit/3.4.1/Hands Interaction Demo/DemoAssets/Prefabs/PokeButton.prefab
  importAddress: Guid(d661f645c81f29b4aa596207971ae441) Importer(2089858483,b0f066a214c2f5e87bad3c948f4d605d)
Start importing Assets/Samples/XR Interaction Toolkit/3.4.1/Hands Interaction Demo/DemoAssets/Prefabs/PokeButton.prefab using Guid(d661f645c81f29b4aa596207971ae441) Importer(2089858483,b0f066a214c2f5e87bad3c948f4d605d) (ScriptedImporter) -> (Import Result ID: 'a0ffffdffe4d1ee48361aa27c0a2da4f') in 0.0335847 seconds [static and dynamic dependencies]. Details - ImportResultOutputID=137945fa0d64fffd05971dd301413ad0 DependenciesID=0d3c0bbf6a3ed2da8c6c98eedbd63fd6 StaticDependenciesID=e8b4c4bfbd0886f6e6d17a34d923cddd 
Number of updated asset objects reloaded before import = 0Number of asset objects unloaded after import = 46

========================================================================
Received Import Request.
  Time since last request: 0.000028 seconds.
  path: Assets/Samples/XR Interaction Toolkit/3.4.1/Hands Interaction Demo/DemoAssets/Prefabs/AudioAffordance.prefab
  importAddress: Guid(1c54cdd9a14d96049a8d37d422bd0e17) Importer(2089858483,b0f066a214c2f5e87bad3c948f4d605d)
Start importing Assets/Samples/XR Interaction Toolkit/3.4.1/Hands Interaction Demo/DemoAssets/Prefabs/AudioAffordance.prefab using Guid(1c54cdd9a14d96049a8d37d422bd0e17) Importer(2089858483,b0f066a214c2f5e87bad3c948f4d605d) (ScriptedImporter) -> (Import Result ID: '4a8bb86a8acb9d8800d675a78b1df2da') in 0.0119903 seconds [static and dynamic dependencies]. Details - ImportResultOutputID=1a4409982072edf48c02401612d7ac70 DependenciesID=80cd2bb46f681bb1758dbcf50e94f391 StaticDependenciesID=f580a7d0040a4b7e9e0f32b2cd74ac5f 
Number of updated asset objects reloaded before import = 0Number of asset objects unloaded after import = 9

========================================================================
Received Import Request.
  Time since last request: 0.000021 seconds.
  path: Assets/Samples/XR Interaction Toolkit/3.4.1/Starter Assets/DemoAssets/Models/Primitive_Cylinder.fbx
  importAddress: Guid(73b694bb0f61cd14e9e1ed7b578ac09a) Importer(2089858483,b0f066a214c2f5e87bad3c948f4d605d)
Start importing Assets/Samples/XR Interaction Toolkit/3.4.1/Starter Assets/DemoAssets/Models/Primitive_Cylinder.fbx using Guid(73b694bb0f61cd14e9e1ed7b578ac09a) Importer(2089858483,b0f066a214c2f5e87bad3c948f4d605d) (ScriptedImporter) -> (Import Result ID: '5f922d57b5b267faa92bfaa5a4c4a8a9') in 0.0110518 seconds [static and dynamic dependencies]. Details - ImportResultOutputID=730adeb9acf86d203199cbb71ccedcd5 DependenciesID=4aaa1f2842c854d7a72311daf3074147 StaticDependenciesID=6a50db3dbc80eb5137c4d342760f430d 
Number of updated asset objects reloaded before import = 0Number of asset objects unloaded after import = 9

========================================================================
Received Import Request.
  Time since last request: 0.000024 seconds.
  path: Assets/Samples/XR Interaction Toolkit/3.4.1/Starter Assets/DemoAssets/Materials/Lit White.mat
  importAddress: Guid(fc226930e8fad4c499969204cecfbc05) Importer(2089858483,b0f066a214c2f5e87bad3c948f4d605d)
Start importing Assets/Samples/XR Interaction Toolkit/3.4.1/Starter Assets/DemoAssets/Materials/Lit White.mat using Guid(fc226930e8fad4c499969204cecfbc05) Importer(2089858483,b0f066a214c2f5e87bad3c948f4d605d) (ScriptedImporter) -> (Import Result ID: '975fb1c06d2f4d6380ea493926cadb12') in 0.0048686 seconds [static and dynamic dependencies]. Details - ImportResultOutputID=27f0e695b8e0c61e493f29956d77c85d DependenciesID=1e9a21df1b78d2ac134b97d1cb78846b StaticDependenciesID=89849996c697dbd5530a8ece47cacf4f 
Number of updated asset objects reloaded before import = 0Number of asset objects unloaded after import = 2

========================================================================
Received Import Request.
  Time since last request: 0.000022 seconds.
  path: Assets/Samples/XR Interaction Toolkit/3.4.1/Starter Assets/DemoAssets/Audio/Button Pop.wav
  importAddress: Guid(16fba6d30ed741d4a9fdd6e79ee2f3ac) Importer(2089858483,b0f066a214c2f5e87bad3c948f4d605d)
Start importing Assets/Samples/XR Interaction Toolkit/3.4.1/Starter Assets/DemoAssets/Audio/Button Pop.wav using Guid(16fba6d30ed741d4a9fdd6e79ee2f3ac) Importer(2089858483,b0f066a214c2f5e87bad3c948f4d605d) (ScriptedImporter) -> (Import Result ID: 'd0f00275824689bbd54e734286839e08') in 0.0052259 seconds [static and dynamic dependencies]. Details - ImportResultOutputID=6b69ba0b7ab7dc249d8250db90a5e02c DependenciesID=6d245c3eae8d9514836d71d3ade14f05 StaticDependenciesID=c0107f2fc0944f0a41ad0ad8f0509452 
Number of updated asset objects reloaded before import = 0Number of asset objects unloaded after import = 1

========================================================================
Received Import Request.
  Time since last request: 0.000013 seconds.
  path: Assets/Samples/XR Interaction Toolkit/3.4.1/Starter Assets/DemoAssets/Models/Primitive_Torus.fbx
  importAddress: Guid(f077c919501a44778a0c2edb6eb1a54a) Importer(2089858483,b0f066a214c2f5e87bad3c948f4d605d)
Start importing Assets/Samples/XR Interaction Toolkit/3.4.1/Starter Assets/DemoAssets/Models/Primitive_Torus.fbx using Guid(f077c919501a44778a0c2edb6eb1a54a) Importer(2089858483,b0f066a214c2f5e87bad3c948f4d605d) (ScriptedImporter) -> (Import Result ID: 'b3cd8545fe200ac074822e4679ffe8a3') in 0.0107404 seconds [static and dynamic dependencies]. Details - ImportResultOutputID=16c62648544d9d74a3966787f40663ed DependenciesID=e32a01a5b07af861993f1d8919062964 StaticDependenciesID=942ec5d7df888003a35dec0c9bf6c286 
Number of updated asset objects reloaded before import = 0Number of asset objects unloaded after import = 9

========================================================================
Received Import Request.
  Time since last request: 0.000020 seconds.
  path: Assets/Samples/XR Interaction Toolkit/3.4.1/Starter Assets/DemoAssets/Prefabs/UI Sample.prefab
  importAddress: Guid(fd28f23af44f73f4a95e33435872ad15) Importer(2089858483,b0f066a214c2f5e87bad3c948f4d605d)
Start importing Assets/Samples/XR Interaction Toolkit/3.4.1/Starter Assets/DemoAssets/Prefabs/UI Sample.prefab using Guid(fd28f23af44f73f4a95e33435872ad15) Importer(2089858483,b0f066a214c2f5e87bad3c948f4d605d) (ScriptedImporter) -> (Import Result ID: 'ae920b843ccc479403988cfb8ff52f5e') in 0.0326199 seconds [static and dynamic dependencies]. Details - ImportResultOutputID=8ff315f7eeba9ff82e9e75737a0581f7 DependenciesID=b569295e308286de940b23c88d81b589 StaticDependenciesID=1f52347944b0de9dad0235a5efeee07d 
Number of updated asset objects reloaded before import = 0Number of asset objects unloaded after import = 317

========================================================================
Received Import Request.
  Time since last request: 0.000038 seconds.
  path: Assets/Samples/XR Interaction Toolkit/3.4.1/Hands Interaction Demo/Shaders/Subgraphs/FadeFromCenter.shadersubgraph
  importAddress: Guid(42ba907d16ca12e4ea44090883108545) Importer(2089858483,b0f066a214c2f5e87bad3c948f4d605d)
Start importing Assets/Samples/XR Interaction Toolkit/3.4.1/Hands Interaction Demo/Shaders/Subgraphs/FadeFromCenter.shadersubgraph using Guid(42ba907d16ca12e4ea44090883108545) Importer(2089858483,b0f066a214c2f5e87bad3c948f4d605d) (ScriptedImporter) -> (Import Result ID: '701c7f25a991af63454ecbbeb389f007') in 0.0105429 seconds [static and dynamic dependencies]. Details - ImportResultOutputID=d543647facb5376351286ec7eb1ae364 DependenciesID=1498ca9f597b070c11aa92761a0504f3 StaticDependenciesID=f948b8d29ced7b0876b1d5a139e06ec6 
Number of updated asset objects reloaded before import = 0Number of asset objects unloaded after import = 1

========================================================================
Received Import Request.
  Time since last request: 0.000017 seconds.
  path: Assets/Samples/XR Interaction Toolkit/3.4.1/Starter Assets/DemoAssets/AffordanceThemes/InteractionColor.asset
  importAddress: Guid(3ec238cb3e80e274c844d7b56f585392) Importer(2089858483,b0f066a214c2f5e87bad3c948f4d605d)
Start importing Assets/Samples/XR Interaction Toolkit/3.4.1/Starter Assets/DemoAssets/AffordanceThemes/InteractionColor.asset using Guid(3ec238cb3e80e274c844d7b56f585392) Importer(2089858483,b0f066a214c2f5e87bad3c948f4d605d) (ScriptedImporter) -> (Import Result ID: 'ae20e95b395bc9b2f81bdcae8d93b3b6') in 0.0039241 seconds [static and dynamic dependencies]. Details - ImportResultOutputID=ef94bb866acdb976c6cd217928ff6fda DependenciesID=0afcdb3b5e7f38547cfa531128760737 StaticDependenciesID=026457b4b07b5cd438099acbc4b57fde 
Number of updated asset objects reloaded before import = 0Number of asset objects unloaded after import = 1

========================================================================
Received Import Request.
  Time since last request: 0.000015 seconds.
  path: Assets/Samples/XR Interaction Toolkit/3.4.1/Starter Assets/DemoAssets/Models/Primitive_Blaster_Long.fbx
  importAddress: Guid(e51d3dbfe79e4c646bb30424a11f23a0) Importer(2089858483,b0f066a214c2f5e87bad3c948f4d605d)
Start importing Assets/Samples/XR Interaction Toolkit/3.4.1/Starter Assets/DemoAssets/Models/Primitive_Blaster_Long.fbx using Guid(e51d3dbfe79e4c646bb30424a11f23a0) Importer(2089858483,b0f066a214c2f5e87bad3c948f4d605d) (ScriptedImporter) -> (Import Result ID: '021b2a8e1ce96bb5e23ba0d85dd6fcb1') in 0.0092466 seconds [static and dynamic dependencies]. Details - ImportResultOutputID=9b756dfc87fd26c67b363936f6b665a3 DependenciesID=91bbcf331a4a2424bc7f31c977e5c92f StaticDependenciesID=bb704730cba453a3080f1d0fc2e8cc36 
Number of updated asset objects reloaded before import = 0Number of asset objects unloaded after import = 9

========================================================================
Received Import Request.
  Time since last request: 0.000020 seconds.
  path: Assets/Samples/XR Interaction Toolkit/3.4.1/Starter Assets/DemoAssets/Prefabs/InteractionAffordance.prefab
  importAddress: Guid(eb9104ef66b7305468adb3697fdeed5e) Importer(2089858483,b0f066a214c2f5e87bad3c948f4d605d)
Start importing Assets/Samples/XR Interaction Toolkit/3.4.1/Starter Assets/DemoAssets/Prefabs/InteractionAffordance.prefab using Guid(eb9104ef66b7305468adb3697fdeed5e) Importer(2089858483,b0f066a214c2f5e87bad3c948f4d605d) (ScriptedImporter) -> (Import Result ID: '5845d39a589d9638a712675118c2f144') in 0.0067653 seconds [static and dynamic dependencies]. Details - ImportResultOutputID=3984ceb65dcd2b7586a887a57eb11a4f DependenciesID=8d72ac852eac72f0575d48ba5f9663a7 StaticDependenciesID=780e59705be2fac1ac627cda0542db57 
Number of updated asset objects reloaded before import = 0Number of asset objects unloaded after import = 10

========================================================================
Received Import Request.
  Time since last request: 0.000015 seconds.
  path: Assets/Samples/XR Interaction Toolkit/3.4.1/Starter Assets/DemoAssets/Sprites/Circle_60x60_Horizontal.png
  importAddress: Guid(e45f8f823c093d941855bb23b53b9414) Importer(2089858483,b0f066a214c2f5e87bad3c948f4d605d)
Start importing Assets/Samples/XR Interaction Toolkit/3.4.1/Starter Assets/DemoAssets/Sprites/Circle_60x60_Horizontal.png using Guid(e45f8f823c093d941855bb23b53b9414) Importer(2089858483,b0f066a214c2f5e87bad3c948f4d605d) (ScriptedImporter) -> (Import Result ID: 'aa1e630954a06bc19182d1ba42030373') in 0.0073167 seconds [static and dynamic dependencies]. Details - ImportResultOutputID=d6415619001228a643df34ed60902c19 DependenciesID=58025e9b040bf790af64cd11a0f00366 StaticDependenciesID=da9e22843aafa91fc1025f13b44455e8 
Number of updated asset objects reloaded before import = 0Number of asset objects unloaded after import = 3

========================================================================
Received Import Request.
  Time since last request: 0.000017 seconds.
  path: Assets/Samples/XR Interaction Toolkit/3.4.1/Hands Interaction Demo/Editor/Scripts/HandsSampleProjectValidation.cs
  importAddress: Guid(0deb305527bf17143801528616ee4f73) Importer(2089858483,b0f066a214c2f5e87bad3c948f4d605d)
Start importing Assets/Samples/XR Interaction Toolkit/3.4.1/Hands Interaction Demo/Editor/Scripts/HandsSampleProjectValidation.cs using Guid(0deb305527bf17143801528616ee4f73) Importer(2089858483,b0f066a214c2f5e87bad3c948f4d605d) (ScriptedImporter) -> (Import Result ID: 'd87ab0b97c1384560cd484e9c6e2fcce') in 0.0035571 seconds [static and dynamic dependencies]. Details - ImportResultOutputID=b8b6a6a99adc4cd08988226fdbc4889e DependenciesID=b7cf4c112c138f8d2f1f30da03d49ff6 StaticDependenciesID=62c47048320c8f0f87a65d4059b0b676 
Number of updated asset objects reloaded before import = 0Number of asset objects unloaded after import = 0

========================================================================
Received Import Request.
  Time since last request: 0.000029 seconds.
  path: Assets/Samples/XR Interaction Toolkit/3.4.1/Starter Assets/DemoAssets/Scripts/IncrementUIText.cs
  importAddress: Guid(ba6ff5e7c92519444bc2a7ca46558963) Importer(2089858483,b0f066a214c2f5e87bad3c948f4d605d)
Start importing Assets/Samples/XR Interaction Toolkit/3.4.1/Starter Assets/DemoAssets/Scripts/IncrementUIText.cs using Guid(ba6ff5e7c92519444bc2a7ca46558963) Importer(2089858483,b0f066a214c2f5e87bad3c948f4d605d) (ScriptedImporter) -> (Import Result ID: '22fa8e9f27e259145bdf409d19ed8acf') in 0.0037777 seconds [static and dynamic dependencies]. Details - ImportResultOutputID=52f0909d293745a04fc2fa3423c3b57d DependenciesID=ee1baa2ba82fd50ad7bf6266f2248afc StaticDependenciesID=7170a449ba404709698ad66571032bd1 
Number of updated asset objects reloaded before import = 0Number of asset objects unloaded after import = 0

========================================================================
Received Import Request.
  Time since last request: 0.000013 seconds.
  path: Assets/Samples/XR Interaction Toolkit/3.4.1/Starter Assets/Prefabs/Teleport/Directional Teleport Reticle.prefab
  importAddress: Guid(893219773891c784ab469a39151879b4) Importer(2089858483,b0f066a214c2f5e87bad3c948f4d605d)
Start importing Assets/Samples/XR Interaction Toolkit/3.4.1/Starter Assets/Prefabs/Teleport/Directional Teleport Reticle.prefab using Guid(893219773891c784ab469a39151879b4) Importer(2089858483,b0f066a214c2f5e87bad3c948f4d605d) (ScriptedImporter) -> (Import Result ID: '8b316f526e3bd4800175357c5cc51808') in 0.0049389 seconds [static and dynamic dependencies]. Details - ImportResultOutputID=46d282223a14411ca25f3e6403446757 DependenciesID=86885865eac52aabe1df9df14ef0b060 StaticDependenciesID=2a1ed66581ac3c3de95665dad8eea096 
Number of updated asset objects reloaded before import = 0Number of asset objects unloaded after import = 13

========================================================================
Received Import Request.
  Time since last request: 0.000014 seconds.
  path: Assets/Samples/XR Interaction Toolkit/3.4.1/Starter Assets/Prefabs/Interactors/Gaze Interactor.prefab
  importAddress: Guid(b84cd05e1160fe34cab2585022c8cd99) Importer(2089858483,b0f066a214c2f5e87bad3c948f4d605d)
Start importing Assets/Samples/XR Interaction Toolkit/3.4.1/Starter Assets/Prefabs/Interactors/Gaze Interactor.prefab using Guid(b84cd05e1160fe34cab2585022c8cd99) Importer(2089858483,b0f066a214c2f5e87bad3c948f4d605d) (ScriptedImporter) -> (Import Result ID: 'b43ea8f76292810483d7b1fdff90de5b') in 0.2125143 seconds [static and dynamic dependencies]. Details - ImportResultOutputID=a589abd98437fda176ec11941c281f5f DependenciesID=a9dcd7c25ac5afc08c0454546c01e88c StaticDependenciesID=9b117f322864a7093dba0bee1e75911f 
Number of updated asset objects reloaded before import = 0Number of asset objects unloaded after import = 12

========================================================================
Received Import Request.
  Time since last request: 0.000020 seconds.
  path: Assets/Samples/XR Interaction Toolkit/3.4.1/Starter Assets/Prefabs/Interactors/Left_NearFarInteractor.prefab
  importAddress: Guid(3df3e1220f2164f448701a6de8084f92) Importer(2089858483,b0f066a214c2f5e87bad3c948f4d605d)
Start importing Assets/Samples/XR Interaction Toolkit/3.4.1/Starter Assets/Prefabs/Interactors/Left_NearFarInteractor.prefab using Guid(3df3e1220f2164f448701a6de8084f92) Importer(2089858483,b0f066a214c2f5e87bad3c948f4d605d) (ScriptedImporter) -> (Import Result ID: '752e71425eb786061bd869f547d3aba8') in 0.0477216 seconds [static and dynamic dependencies]. Details - ImportResultOutputID=878a6a977d1e09010d01af346c2636a1 DependenciesID=ec04fc75165cf1c4d282319a095c76a3 StaticDependenciesID=5d9d0c6dfd4e1fdee71acd9035988aa0 
Number of updated asset objects reloaded before import = 0Number of asset objects unloaded after import = 24

========================================================================
Received Import Request.
  Time since last request: 0.000025 seconds.
  path: Assets/Samples/XR Interaction Toolkit/3.4.1/Hands Interaction Demo/DemoAssets/Prefabs/UI/ButtonHandMenu.prefab
  importAddress: Guid(e2698219e3231e94c8765d49b9dd5cff) Importer(2089858483,b0f066a214c2f5e87bad3c948f4d605d)
Start importing Assets/Samples/XR Interaction Toolkit/3.4.1/Hands Interaction Demo/DemoAssets/Prefabs/UI/ButtonHandMenu.prefab using Guid(e2698219e3231e94c8765d49b9dd5cff) Importer(2089858483,b0f066a214c2f5e87bad3c948f4d605d) (ScriptedImporter) -> (Import Result ID: '756b5bcd81e37d00dc8013d09b94eda8') in 0.0294428 seconds [static and dynamic dependencies]. Details - ImportResultOutputID=1ed4b9559db6382754141e7792169abe DependenciesID=b8297e5e6954f922293cf69056583224 StaticDependenciesID=c8fd55ecc6afbc538b2044531617a617 
Number of updated asset objects reloaded before import = 0Number of asset objects unloaded after import = 280

========================================================================
Received Import Request.
  Time since last request: 0.000024 seconds.
  path: Assets/Samples/XR Interaction Toolkit/3.4.1/Starter Assets/Prefabs/Interactors/Ray Interactor.prefab
  importAddress: Guid(ad818c36731146e994540a1896ad8f24) Importer(2089858483,b0f066a214c2f5e87bad3c948f4d605d)
Start importing Assets/Samples/XR Interaction Toolkit/3.4.1/Starter Assets/Prefabs/Interactors/Ray Interactor.prefab using Guid(ad818c36731146e994540a1896ad8f24) Importer(2089858483,b0f066a214c2f5e87bad3c948f4d605d) (ScriptedImporter) -> (Import Result ID: 'bf238b99a4e9b1c24dc5755eab2f310a') in 0.0622851 seconds [static and dynamic dependencies]. Details - ImportResultOutputID=63558796d594f117ba7a01dcbca29ab6 DependenciesID=6ebd9e014d72540063a4402a4aac4b2c StaticDependenciesID=71b988e1384548194f808207b01036e2 
Number of updated asset objects reloaded before import = 0Number of asset objects unloaded after import = 10

========================================================================
Received Import Request.
  Time since last request: 0.000020 seconds.
  path: Assets/Samples/XR Interaction Toolkit/3.4.1/Starter Assets/DemoAssets/Prefabs/Interactables/Push Button.prefab
  importAddress: Guid(76f3439a0ae796e4b81bee3f91f888ee) Importer(2089858483,b0f066a214c2f5e87bad3c948f4d605d)
Start importing Assets/Samples/XR Interaction Toolkit/3.4.1/Starter Assets/DemoAssets/Prefabs/Interactables/Push Button.prefab using Guid(76f3439a0ae796e4b81bee3f91f888ee) Importer(2089858483,b0f066a214c2f5e87bad3c948f4d605d) (ScriptedImporter) -> (Import Result ID: '8e9995a81489e477059f3b93dae8d6f0') in 0.012146 seconds [static and dynamic dependencies]. Details - ImportResultOutputID=5645a34b9f27416a5db4d69ff3c8dd3c DependenciesID=8bd2b69582433ba0de5976476ece7a7d StaticDependenciesID=baedb9ba2368c7bcae32ffa2f7da1097 
Number of updated asset objects reloaded before import = 0Number of asset objects unloaded after import = 32

========================================================================
Received Import Request.
  Time since last request: 0.000022 seconds.
  path: Assets/Samples/XR Interaction Toolkit/3.4.1/Starter Assets/DemoAssets/Prefabs/Interactables/Blaser-Long.prefab
  importAddress: Guid(fe7fcf44eedd467489de26ce92577bc3) Importer(2089858483,b0f066a214c2f5e87bad3c948f4d605d)
Start importing Assets/Samples/XR Interaction Toolkit/3.4.1/Starter Assets/DemoAssets/Prefabs/Interactables/Blaser-Long.prefab using Guid(fe7fcf44eedd467489de26ce92577bc3) Importer(2089858483,b0f066a214c2f5e87bad3c948f4d605d) (ScriptedImporter) -> (Import Result ID: '09c92a5a1ce5a3cd34dbc24747389316') in 0.0129556 seconds [static and dynamic dependencies]. Details - ImportResultOutputID=dd2fd5211a8ccf11d525095d569df17a DependenciesID=87493f5d9a13367a14984afc0e3121ed StaticDependenciesID=ca168f428f94e61847fd821c4c98a1a5 
Number of updated asset objects reloaded before import = 0Number of asset objects unloaded after import = 35

========================================================================
Received Import Request.
  Time since last request: 0.000036 seconds.
  path: Assets/Samples/XR Interaction Toolkit/3.4.1/Starter Assets/DemoAssets/Prefabs/Interactables/Cylinder.prefab
  importAddress: Guid(2ed984a58a974166bf92c82a74380454) Importer(2089858483,b0f066a214c2f5e87bad3c948f4d605d)
Start importing Assets/Samples/XR Interaction Toolkit/3.4.1/Starter Assets/DemoAssets/Prefabs/Interactables/Cylinder.prefab using Guid(2ed984a58a974166bf92c82a74380454) Importer(2089858483,b0f066a214c2f5e87bad3c948f4d605d) (ScriptedImporter) -> (Import Result ID: '4d8429afd88d43ef873ba2d1949d0a95') in 0.011049 seconds [static and dynamic dependencies]. Details - ImportResultOutputID=a6bcd8d76696ca6cdc81d96d602b481a DependenciesID=b25fb8e16883a5733e6314cfdc143c7e StaticDependenciesID=4f685e9cd69b69adfccc7aa64f1ee7f0 
Number of updated asset objects reloaded before import = 0Number of asset objects unloaded after import = 25

========================================================================
Received Import Request.
  Time since last request: 0.000016 seconds.
  path: Assets/Samples/XR Interaction Toolkit/3.4.1/Starter Assets/DemoAssets/Sprites/Round Radius 4 Outline.png
  importAddress: Guid(b7bad1260586fa746a0b67e930892936) Importer(2089858483,b0f066a214c2f5e87bad3c948f4d605d)
Start importing Assets/Samples/XR Interaction Toolkit/3.4.1/Starter Assets/DemoAssets/Sprites/Round Radius 4 Outline.png using Guid(b7bad1260586fa746a0b67e930892936) Importer(2089858483,b0f066a214c2f5e87bad3c948f4d605d) (ScriptedImporter) -> (Import Result ID: '3b829c3e5ef3e524a5fc7ff65c19c374') in 0.0073769 seconds [static and dynamic dependencies]. Details - ImportResultOutputID=f89f5182436f61031394a8f17285917b DependenciesID=c80f65b4666689a25a27d8757579e988 StaticDependenciesID=942ceceb5713a1ec94de3c840c3b4bf9 
Number of updated asset objects reloaded before import = 0Number of asset objects unloaded after import = 3

========================================================================
Received Import Request.
  Time since last request: 0.000017 seconds.
  path: Assets/Samples/XR Interaction Toolkit/3.4.1/Hands Interaction Demo/DemoAssets/Models/Primitives/Cube.fbx
  importAddress: Guid(7cf3ac7bcd2e5471fb54d5f5da9aad56) Importer(2089858483,b0f066a214c2f5e87bad3c948f4d605d)
Start importing Assets/Samples/XR Interaction Toolkit/3.4.1/Hands Interaction Demo/DemoAssets/Models/Primitives/Cube.fbx using Guid(7cf3ac7bcd2e5471fb54d5f5da9aad56) Importer(2089858483,b0f066a214c2f5e87bad3c948f4d605d) (ScriptedImporter) -> (Import Result ID: '4fb2dad0a110ec743719d2671b9f1eb4') in 0.0118047 seconds [static and dynamic dependencies]. Details - ImportResultOutputID=c35b2a310d37027880eb0f5779320d4b DependenciesID=4162690ec7154a48b1b7252aab4cce91 StaticDependenciesID=ee8a70c073b05453b1fa6c52f893ab6b 
Number of updated asset objects reloaded before import = 0Number of asset objects unloaded after import = 8

========================================================================
Received Import Request.
  Time since last request: 0.000018 seconds.
  path: Assets/Samples/XR Interaction Toolkit/3.4.1/Starter Assets/DemoAssets/Prefabs/Interactables/Cube.prefab
  importAddress: Guid(2e16046ebcbcb6742a86569d82e56cce) Importer(2089858483,b0f066a214c2f5e87bad3c948f4d605d)
Start importing Assets/Samples/XR Interaction Toolkit/3.4.1/Starter Assets/DemoAssets/Prefabs/Interactables/Cube.prefab using Guid(2e16046ebcbcb6742a86569d82e56cce) Importer(2089858483,b0f066a214c2f5e87bad3c948f4d605d) (ScriptedImporter) -> (Import Result ID: '8792a3fcd27cdcac19e0e06a0e07570f') in 0.0073361 seconds [static and dynamic dependencies]. Details - ImportResultOutputID=f1610bc97a7c42e6bc16eabf126ebf7e DependenciesID=7690be33a65617194595c87fda0d2a39 StaticDependenciesID=dae550fba7dccc035bf6c224bd8d7260 
Number of updated asset objects reloaded before import = 0Number of asset objects unloaded after import = 20

========================================================================
Received Import Request.
  Time since last request: 0.000016 seconds.
  path: Assets/Samples/XR Interaction Toolkit/3.4.1/Starter Assets/DemoAssets/Textures/Concrete_Albedo.tif
  importAddress: Guid(5a327724a94a9674a8a93e6b4e9a6eee) Importer(2089858483,b0f066a214c2f5e87bad3c948f4d605d)
Start importing Assets/Samples/XR Interaction Toolkit/3.4.1/Starter Assets/DemoAssets/Textures/Concrete_Albedo.tif using Guid(5a327724a94a9674a8a93e6b4e9a6eee) Importer(2089858483,b0f066a214c2f5e87bad3c948f4d605d) (ScriptedImporter) -> (Import Result ID: '097800482d29e113c02a41789d65666a') in 0.0108814 seconds [static and dynamic dependencies]. Details - ImportResultOutputID=a58852fee12703a40955fee7c7cd6ad8 DependenciesID=4824e69106a4707b9f7ac13bcc5ddc41 StaticDependenciesID=d1695bf312751826953a929deeb9ffa1 
Number of updated asset objects reloaded before import = 0Number of asset objects unloaded after import = 1

========================================================================
Received Import Request.
  Time since last request: 0.000017 seconds.
  path: Assets/Samples/XR Interaction Toolkit/3.4.1/Hands Interaction Demo/DemoAssets/Models/Primitives/Disc.fbx
  importAddress: Guid(c3bde1a6f623d4b569b67c73aedfebbf) Importer(2089858483,b0f066a214c2f5e87bad3c948f4d605d)
Start importing Assets/Samples/XR Interaction Toolkit/3.4.1/Hands Interaction Demo/DemoAssets/Models/Primitives/Disc.fbx using Guid(c3bde1a6f623d4b569b67c73aedfebbf) Importer(2089858483,b0f066a214c2f5e87bad3c948f4d605d) (ScriptedImporter) -> (Import Result ID: '7ceeb0ebffab32a6d2740d71945a9434') in 0.0108574 seconds [static and dynamic dependencies]. Details - ImportResultOutputID=27e8cf0358bcab6fc8fa27904fa89a4a DependenciesID=4b69f5186ed9e68801dfae8fe4a96808 StaticDependenciesID=59efc340f322b09f6548fbdefab31cf2 
Number of updated asset objects reloaded before import = 0Number of asset objects unloaded after import = 8

========================================================================
Received Import Request.
  Time since last request: 0.000026 seconds.
  path: Assets/Samples/XR Interaction Toolkit/3.4.1/Starter Assets/DemoAssets/Prefabs/Teleport/Teleport Anchor.prefab
  importAddress: Guid(fad94b617f0540568dbf4c9c4011248c) Importer(2089858483,b0f066a214c2f5e87bad3c948f4d605d)
Start importing Assets/Samples/XR Interaction Toolkit/3.4.1/Starter Assets/DemoAssets/Prefabs/Teleport/Teleport Anchor.prefab using Guid(fad94b617f0540568dbf4c9c4011248c) Importer(2089858483,b0f066a214c2f5e87bad3c948f4d605d) (ScriptedImporter) -> (Import Result ID: 'aa2f9fd7a622e93d67ec93af81aa5fc4') in 0.0203068 seconds [static and dynamic dependencies]. Details - ImportResultOutputID=15c8943d6d6c92d8c72513eb0e4b7552 DependenciesID=7c56a15b4f2c2e3af56c10bb4faed12d StaticDependenciesID=73405673d133b02a3534648da7499247 
Number of updated asset objects reloaded before import = 0Number of asset objects unloaded after import = 13

========================================================================
Received Import Request.
  Time since last request: 0.000018 seconds.
  path: Assets/Samples/XR Interaction Toolkit/3.4.1/Starter Assets/DemoAssets/Prefabs/Interactables/Torus-Cut.prefab
  importAddress: Guid(833cb867d186193418fc107735ae3139) Importer(2089858483,b0f066a214c2f5e87bad3c948f4d605d)
Start importing Assets/Samples/XR Interaction Toolkit/3.4.1/Starter Assets/DemoAssets/Prefabs/Interactables/Torus-Cut.prefab using Guid(833cb867d186193418fc107735ae3139) Importer(2089858483,b0f066a214c2f5e87bad3c948f4d605d) (ScriptedImporter) -> (Import Result ID: '2f4ccf92c151816fc2a2f9c32a6df57b') in 0.0116871 seconds [static and dynamic dependencies]. Details - ImportResultOutputID=ede7942acda92eab904e603d1bcac0bd DependenciesID=f3e8c2a9977bcd28c8af0102b1446ae2 StaticDependenciesID=12ff021a88bf252cd704b99e306090eb 
Number of updated asset objects reloaded before import = 0Number of asset objects unloaded after import = 24

========================================================================
Received Import Request.
  Time since last request: 0.000017 seconds.
  path: Assets/Samples/XR Hands/1.7.3/HandVisualizer/Unity.XR.Hands.Samples.VisualizerSample.asmdef
  importAddress: Guid(60e576d96416ac94182fe26f63acf9ff) Importer(2089858483,b0f066a214c2f5e87bad3c948f4d605d)
Start importing Assets/Samples/XR Hands/1.7.3/HandVisualizer/Unity.XR.Hands.Samples.VisualizerSample.asmdef using Guid(60e576d96416ac94182fe26f63acf9ff) Importer(2089858483,b0f066a214c2f5e87bad3c948f4d605d) (ScriptedImporter) -> (Import Result ID: '84540580e8e2739ab741aceca30f1dc9') in 0.0044286 seconds [static and dynamic dependencies]. Details - ImportResultOutputID=408ab51d3d518e0bbdac8cb286039259 DependenciesID=18aa50185e24779a6f3cd0de3bccf940 StaticDependenciesID=b2d6c367fa6ba920f9e46a9e5554cf72 
Number of updated asset objects reloaded before import = 0Number of asset objects unloaded after import = 1

========================================================================
Received Import Request.
  Time since last request: 0.000014 seconds.
  path: Assets/Samples/XR Interaction Toolkit/3.4.1/Starter Assets/DemoAssets/Prefabs/UI/MinMaxSlider.prefab
  importAddress: Guid(657321a07c3561043af55547ec4b0ed7) Importer(2089858483,b0f066a214c2f5e87bad3c948f4d605d)
Start importing Assets/Samples/XR Interaction Toolkit/3.4.1/Starter Assets/DemoAssets/Prefabs/UI/MinMaxSlider.prefab using Guid(657321a07c3561043af55547ec4b0ed7) Importer(2089858483,b0f066a214c2f5e87bad3c948f4d605d) (ScriptedImporter) -> (Import Result ID: '09e7696f86f91a775766012d5ff63450') in 0.0251941 seconds [static and dynamic dependencies]. Details - ImportResultOutputID=8892dda545ff3627e2a5984c05f0fa7a DependenciesID=ea1d137890e63b8b35b3a08b9cdd96cc StaticDependenciesID=60695351348e143140c847467407f366 
Number of updated asset objects reloaded before import = 0Number of asset objects unloaded after import = 26

========================================================================
Received Import Request.
  Time since last request: 0.000020 seconds.
  path: Assets/Samples/XR Interaction Toolkit/3.4.1/Hands Interaction Demo/Scripts/PokeGestureDetector.cs
  importAddress: Guid(dbac611a2982409ab5f5e604f53bcad0) Importer(2089858483,b0f066a214c2f5e87bad3c948f4d605d)
Start importing Assets/Samples/XR Interaction Toolkit/3.4.1/Hands Interaction Demo/Scripts/PokeGestureDetector.cs using Guid(dbac611a2982409ab5f5e604f53bcad0) Importer(2089858483,b0f066a214c2f5e87bad3c948f4d605d) (ScriptedImporter) -> (Import Result ID: 'ab9962cd66111e0d50f92cc3fbf74374') in 0.0033501 seconds [static and dynamic dependencies]. Details - ImportResultOutputID=530961f8f25dc5d83f625c2b4079163f DependenciesID=5f8837b204c603e6a841d2a3f703d1c9 StaticDependenciesID=383668100e3b0cd5d2f08c7a317b42fd 
Number of updated asset objects reloaded before import = 0Number of asset objects unloaded after import = 0

========================================================================
Received Import Request.
  Time since last request: 0.000017 seconds.
  path: Assets/Samples/XR Interaction Toolkit/3.4.1/Starter Assets/DemoAssets/Prefabs/UI/Icon Button.prefab
  importAddress: Guid(56686f82f64b0af4688a89676403a500) Importer(2089858483,b0f066a214c2f5e87bad3c948f4d605d)
Start importing Assets/Samples/XR Interaction Toolkit/3.4.1/Starter Assets/DemoAssets/Prefabs/UI/Icon Button.prefab using Guid(56686f82f64b0af4688a89676403a500) Importer(2089858483,b0f066a214c2f5e87bad3c948f4d605d) (ScriptedImporter) -> (Import Result ID: 'b217acb0eec251904788a3b31379128a') in 0.0113232 seconds [static and dynamic dependencies]. Details - ImportResultOutputID=21100a504124a1975db7eadda3af3d99 DependenciesID=8bff0a850d7c512f085998a36cd014a7 StaticDependenciesID=b2c607abdde94961cf35b76e51e4e8da 
Number of updated asset objects reloaded before import = 0Number of asset objects unloaded after import = 24

========================================================================
Received Import Request.
  Time since last request: 0.000032 seconds.
  path: Assets/Samples/XR Interaction Toolkit/3.4.1/Starter Assets/DemoAssets/Prefabs/Gaze Interactables.prefab
  importAddress: Guid(e05cd47ab8981f64badd3bfe29af8f4e) Importer(2089858483,b0f066a214c2f5e87bad3c948f4d605d)
Start importing Assets/Samples/XR Interaction Toolkit/3.4.1/Starter Assets/DemoAssets/Prefabs/Gaze Interactables.prefab using Guid(e05cd47ab8981f64badd3bfe29af8f4e) Importer(2089858483,b0f066a214c2f5e87bad3c948f4d605d) (ScriptedImporter) -> (Import Result ID: '064dccc1f826ab83a4b6458242dd5b96') in 0.0101754 seconds [static and dynamic dependencies]. Details - ImportResultOutputID=47335ea8b5989c40131ef42c8fad18cd DependenciesID=1ebe7aaa67765dd984f42665d69bb7af StaticDependenciesID=1501850a7bd588a99b46107012d0a946 
Number of updated asset objects reloaded before import = 0Number of asset objects unloaded after import = 41

========================================================================
Received Import Request.
  Time since last request: 0.000023 seconds.
  path: Assets/TextMesh Pro/Shaders/TMP_Bitmap-Mobile.shader
  importAddress: Guid(1e3b057af24249748ff873be7fafee47) Importer(2089858483,b0f066a214c2f5e87bad3c948f4d605d)
Start importing Assets/TextMesh Pro/Shaders/TMP_Bitmap-Mobile.shader using Guid(1e3b057af24249748ff873be7fafee47) Importer(2089858483,b0f066a214c2f5e87bad3c948f4d605d) (ScriptedImporter) -> (Import Result ID: '43444be805d7bd2a05199347f5da4036') in 0.0052556 seconds [static and dynamic dependencies]. Details - ImportResultOutputID=501355d186057636e129b81434c40301 DependenciesID=bb78558fe1c79297f1713e000b39bc75 StaticDependenciesID=ba05bf65226584121c1346f54df493db 
Number of updated asset objects reloaded before import = 0Number of asset objects unloaded after import = 1

========================================================================
Received Import Request.
  Time since last request: 0.000016 seconds.
  path: Assets/Scenes/SampleScene/Global Volume Profile.asset
  importAddress: Guid(ea2bb383dcadc934785f040b23f307d3) Importer(2089858483,b0f066a214c2f5e87bad3c948f4d605d)
Start importing Assets/Scenes/SampleScene/Global Volume Profile.asset using Guid(ea2bb383dcadc934785f040b23f307d3) Importer(2089858483,b0f066a214c2f5e87bad3c948f4d605d) (ScriptedImporter) -> (Import Result ID: '4ead907f33e0aecfb5f073c99220544a') in 0.0038079 seconds [static and dynamic dependencies]. Details - ImportResultOutputID=d76a488e5a3d11d2ac4cbd0325a010e7 DependenciesID=448ce5107cbecc7d84a06ff776722327 StaticDependenciesID=7e81c301f55014de4d7e880e5badb49c 
Number of updated asset objects reloaded before import = 0Number of asset objects unloaded after import = 2

========================================================================
Received Import Request.
  Time since last request: 0.000019 seconds.
  path: Assets/Scenes/SampleScene/Global Volume Profile 1.asset
  importAddress: Guid(c7ff4c014c6662548b72c6633ee12b39) Importer(2089858483,b0f066a214c2f5e87bad3c948f4d605d)
Start importing Assets/Scenes/SampleScene/Global Volume Profile 1.asset using Guid(c7ff4c014c6662548b72c6633ee12b39) Importer(2089858483,b0f066a214c2f5e87bad3c948f4d605d) (ScriptedImporter) -> (Import Result ID: '5c67e7cc6efbe15ea9925c37a0d1e3c8') in 0.0039022 seconds [static and dynamic dependencies]. Details - ImportResultOutputID=368047710948609c89519d5e5c12ccac DependenciesID=13ae6a5d261281026de125c5d76acaf0 StaticDependenciesID=242d0aaf1215f8644db2ba2a108e1746 
Number of updated asset objects reloaded before import = 0Number of asset objects unloaded after import = 1

========================================================================
Received Import Request.
  Time since last request: 0.000016 seconds.
  path: Assets/VRTemplateAssets/Sprites/UI/Joystick BG.png
  importAddress: Guid(9fe4f9eb838ecb4419917ae68007ca2d) Importer(2089858483,b0f066a214c2f5e87bad3c948f4d605d)
Start importing Assets/VRTemplateAssets/Sprites/UI/Joystick BG.png using Guid(9fe4f9eb838ecb4419917ae68007ca2d) Importer(2089858483,b0f066a214c2f5e87bad3c948f4d605d) (ScriptedImporter) -> (Import Result ID: '19241ae205582cc7f24e38507291a55b') in 0.0091319 seconds [static and dynamic dependencies]. Details - ImportResultOutputID=0b43e3919477552b71000d354326c6f4 DependenciesID=a76f8101da79c440c55e05b419cf644b StaticDependenciesID=430a33c1c0a2af3f852a06f38fc11b98 
Number of updated asset objects reloaded before import = 0Number of asset objects unloaded after import = 3

========================================================================
Received Import Request.
  Time since last request: 0.000016 seconds.
  path: Assets/VRTemplateAssets/Materials/Controller/White.mat
  importAddress: Guid(aebe93966bf343747a0609ed48dcd4df) Importer(2089858483,b0f066a214c2f5e87bad3c948f4d605d)
Start importing Assets/VRTemplateAssets/Materials/Controller/White.mat using Guid(aebe93966bf343747a0609ed48dcd4df) Importer(2089858483,b0f066a214c2f5e87bad3c948f4d605d) (ScriptedImporter) -> (Import Result ID: 'e99241e9cb010889706d9c2a2385308a') in 0.004023 seconds [static and dynamic dependencies]. Details - ImportResultOutputID=de83f6dee82a9d72d0508fcd5fd9b76d DependenciesID=e248fd09e24a5025f246b1f2787f7157 StaticDependenciesID=8841dde5687c0083e3497ba37e0fe79e 
Number of updated asset objects reloaded before import = 0Number of asset objects unloaded after import = 1

========================================================================
Received Import Request.
  Time since last request: 0.000021 seconds.
  path: Assets/Samples/XR Interaction Toolkit/3.4.1/Hands Interaction Demo/Shaders/Unity_Hand_Noise.shadergraph
  importAddress: Guid(89a6790c28795dd4987bb267c3d05338) Importer(2089858483,b0f066a214c2f5e87bad3c948f4d605d)
Start importing Assets/Samples/XR Interaction Toolkit/3.4.1/Hands Interaction Demo/Shaders/Unity_Hand_Noise.shadergraph using Guid(89a6790c28795dd4987bb267c3d05338) Importer(2089858483,b0f066a214c2f5e87bad3c948f4d605d) (ScriptedImporter) -> (Import Result ID: '00ef0851ab5822d7bb47cf2fbfeb7cda') in 0.0098782 seconds [static and dynamic dependencies]. Details - ImportResultOutputID=e89a481ead2342ff531b974ae0719a02 DependenciesID=2ea1320552cf0184da8db33274a768b0 StaticDependenciesID=47f8b177010bb7234b31f31e93a1ea97 
Number of updated asset objects reloaded before import = 0Number of asset objects unloaded after import = 8

========================================================================
Received Import Request.
  Time since last request: 0.000034 seconds.
  path: Assets/Samples/XR Interaction Toolkit/3.4.1/Starter Assets/Scripts/ToggleColorToggler.cs
  importAddress: Guid(cb280e627cedda749b93045b8dd8d327) Importer(2089858483,b0f066a214c2f5e87bad3c948f4d605d)
Start importing Assets/Samples/XR Interaction Toolkit/3.4.1/Starter Assets/Scripts/ToggleColorToggler.cs using Guid(cb280e627cedda749b93045b8dd8d327) Importer(2089858483,b0f066a214c2f5e87bad3c948f4d605d) (ScriptedImporter) -> (Import Result ID: 'f94aa2bc153ac2fd04cf78baccaca080') in 0.0036806 seconds [static and dynamic dependencies]. Details - ImportResultOutputID=ed2c092f8586f6d510fb85ee6ca9f7e4 DependenciesID=43eb97a64ff5a0e316f43f022605b00d StaticDependenciesID=b23f053010fc4623f474ea01bbffaffc 
Number of updated asset objects reloaded before import = 0Number of asset objects unloaded after import = 0

========================================================================
Received Import Request.
  Time since last request: 0.000016 seconds.
  path: Assets/Samples/XR Interaction Toolkit/3.4.1/Starter Assets/Prefabs/XR Origin (XR Rig).prefab
  importAddress: Guid(f6336ac4ac8b4d34bc5072418cdc62a0) Importer(2089858483,b0f066a214c2f5e87bad3c948f4d605d)
Start importing Assets/Samples/XR Interaction Toolkit/3.4.1/Starter Assets/Prefabs/XR Origin (XR Rig).prefab using Guid(f6336ac4ac8b4d34bc5072418cdc62a0) Importer(2089858483,b0f066a214c2f5e87bad3c948f4d605d) (ScriptedImporter) -> (Import Result ID: 'f483c225527a86234d77e0e4dd071564') in 0.0412695 seconds [static and dynamic dependencies]. Details - ImportResultOutputID=d19cd794bab2bc83dded81d9337eef8a DependenciesID=cceea6f2c2122cbb2ea4693e6ccdfdc2 StaticDependenciesID=1b37ba1cc1f5d8c67907c18369aba762 
Number of updated asset objects reloaded before import = 0Number of asset objects unloaded after import = 357

========================================================================
Received Import Request.
  Time since last request: 0.000019 seconds.
  path: Assets/TextMesh Pro/Shaders/TMP_SDF Overlay.shader
  importAddress: Guid(dd89cf5b9246416f84610a006f916af7) Importer(2089858483,b0f066a214c2f5e87bad3c948f4d605d)
Start importing Assets/TextMesh Pro/Shaders/TMP_SDF Overlay.shader using Guid(dd89cf5b9246416f84610a006f916af7) Importer(2089858483,b0f066a214c2f5e87bad3c948f4d605d) (ScriptedImporter) -> (Import Result ID: '370e217bb18300ae46d16a6f9dfd9b06') in 0.0051261 seconds [static and dynamic dependencies]. Details - ImportResultOutputID=9437ef5312e803aa5aa79badc206a5c4 DependenciesID=56bdc6073553dd30b3a4bb55d42cc663 StaticDependenciesID=086b5680e33efca1bae2e5551aec11b8 
Number of updated asset objects reloaded before import = 0Number of asset objects unloaded after import = 1

========================================================================
Received Import Request.
  Time since last request: 0.000014 seconds.
  path: Assets/VRTemplateAssets/Materials/Primitive/torus_Normal.png
  importAddress: Guid(0d05a41aad9608b449796ac377a8d939) Importer(2089858483,b0f066a214c2f5e87bad3c948f4d605d)
Start importing Assets/VRTemplateAssets/Materials/Primitive/torus_Normal.png using Guid(0d05a41aad9608b449796ac377a8d939) Importer(2089858483,b0f066a214c2f5e87bad3c948f4d605d) (ScriptedImporter) -> (Import Result ID: 'f10e11a82f70f0b9e5143ef16a9dd313') in 0.0102889 seconds [static and dynamic dependencies]. Details - ImportResultOutputID=1aca89dc843e15078168843129f17107 DependenciesID=4290c32a9ce9ae5d1a486b5b3e6c12a7 StaticDependenciesID=2240935d33d77b07b1e20eecb7131a25 
Number of updated asset objects reloaded before import = 0Number of asset objects unloaded after import = 1

========================================================================
Received Import Request.
  Time since last request: 0.000021 seconds.
  path: Assets/Scenes/BasicScene/Grid.mat
  importAddress: Guid(40d5f39ae0668b14f9d71f56c2981be7) Importer(2089858483,b0f066a214c2f5e87bad3c948f4d605d)
Start importing Assets/Scenes/BasicScene/Grid.mat using Guid(40d5f39ae0668b14f9d71f56c2981be7) Importer(2089858483,b0f066a214c2f5e87bad3c948f4d605d) (ScriptedImporter) -> (Import Result ID: 'c6d83a7896ceff246aa72f698f816335') in 0.0062621 seconds [static and dynamic dependencies]. Details - ImportResultOutputID=f038e00df462927df6b6985b98aef048 DependenciesID=9874b283af6c628ce37f7144f675a93c StaticDependenciesID=fe366261299c7dd5464c87a647159854 
Number of updated asset objects reloaded before import = 0Number of asset objects unloaded after import = 2

========================================================================
Received Import Request.
  Time since last request: 0.000024 seconds.
  path: Assets/Samples/XR Interaction Toolkit/3.4.1/Hands Interaction Demo/HandsInteractionDemo.asmdef
  importAddress: Guid(cb2909ae488862941b33f4c055c3ed13) Importer(2089858483,b0f066a214c2f5e87bad3c948f4d605d)
Start importing Assets/Samples/XR Interaction Toolkit/3.4.1/Hands Interaction Demo/HandsInteractionDemo.asmdef using Guid(cb2909ae488862941b33f4c055c3ed13) Importer(2089858483,b0f066a214c2f5e87bad3c948f4d605d) (ScriptedImporter) -> (Import Result ID: '41bdbbe3d90905339a8593c67cac5cfd') in 0.0040253 seconds [static and dynamic dependencies]. Details - ImportResultOutputID=9e77c6a5e05d47de077879dc617a2e36 DependenciesID=50e02903b1135f562c161e0d0e0c2d3b StaticDependenciesID=4d56ce68846f26a13b5023d32c837b8b 
Number of updated asset objects reloaded before import = 0Number of asset objects unloaded after import = 1

========================================================================
Received Import Request.
  Time since last request: 0.000025 seconds.
  path: Assets/VRTemplateAssets/Materials/Primitive/Green.mat
  importAddress: Guid(c4fad0f5843a8fc4f8488ab522a78684) Importer(2089858483,b0f066a214c2f5e87bad3c948f4d605d)
Start importing Assets/VRTemplateAssets/Materials/Primitive/Green.mat using Guid(c4fad0f5843a8fc4f8488ab522a78684) Importer(2089858483,b0f066a214c2f5e87bad3c948f4d605d) (ScriptedImporter) -> (Import Result ID: '4d3a76e5a84703dbc348e61ee1e652d9') in 0.0075678 seconds [static and dynamic dependencies]. Details - ImportResultOutputID=41ff5829fffbd36632e71693f74d0d56 DependenciesID=e40810f7dd4dd03b910e6e1d756363a7 StaticDependenciesID=05a6cc2ee967f467bb721d98c50f4ef1 
Number of updated asset objects reloaded before import = 0Number of asset objects unloaded after import = 3

========================================================================
Received Import Request.
  Time since last request: 0.000019 seconds.
  path: Assets/Samples/XR Interaction Toolkit/3.4.1/Starter Assets/Materials/Controller_White.mat
  importAddress: Guid(9f12d299d16099343a3c5c0d7285822a) Importer(2089858483,b0f066a214c2f5e87bad3c948f4d605d)
Start importing Assets/Samples/XR Interaction Toolkit/3.4.1/Starter Assets/Materials/Controller_White.mat using Guid(9f12d299d16099343a3c5c0d7285822a) Importer(2089858483,b0f066a214c2f5e87bad3c948f4d605d) (ScriptedImporter) -> (Import Result ID: '40f3642cfaa045ee2fb50c206784cc3e') in 0.0069052 seconds [static and dynamic dependencies]. Details - ImportResultOutputID=e1721ad98846d7e9aaf33de89b031054 DependenciesID=0119cd02cdcd1b3f2367250c1576c7ec StaticDependenciesID=3618c02440d577df4c2d44fe77a3f3f1 
Number of updated asset objects reloaded before import = 0Number of asset objects unloaded after import = 2

========================================================================
Received Import Request.
  Time since last request: 0.000019 seconds.
  path: Assets/Samples/XR Hands/1.7.3/HandVisualizer/Materials/AxisMesh.asset
  importAddress: Guid(3f1527385cef24f9ab581b9e266924ba) Importer(2089858483,b0f066a214c2f5e87bad3c948f4d605d)
Start importing Assets/Samples/XR Hands/1.7.3/HandVisualizer/Materials/AxisMesh.asset using Guid(3f1527385cef24f9ab581b9e266924ba) Importer(2089858483,b0f066a214c2f5e87bad3c948f4d605d) (ScriptedImporter) -> (Import Result ID: 'f8f9d09b5d19df9f79de34222f0ec55b') in 0.0041687 seconds [static and dynamic dependencies]. Details - ImportResultOutputID=93b0b6578137f5e33eaebec715919ca4 DependenciesID=58ad787e58ea13eb522c16a01ee54a05 StaticDependenciesID=49d345e7fb9c882e497cd880d2d39647 
Number of updated asset objects reloaded before import = 0Number of asset objects unloaded after import = 1

========================================================================
Received Import Request.
  Time since last request: 0.000020 seconds.
  path: Assets/XR/XRGeneralSettingsPerBuildTarget.asset
  importAddress: Guid(4b3de149e50ea0c4f8ad04c79b9f12ec) Importer(2089858483,b0f066a214c2f5e87bad3c948f4d605d)
Start importing Assets/XR/XRGeneralSettingsPerBuildTarget.asset using Guid(4b3de149e50ea0c4f8ad04c79b9f12ec) Importer(2089858483,b0f066a214c2f5e87bad3c948f4d605d) (ScriptedImporter) -> (Import Result ID: 'e70cf3eae8d147ece907aba06b3a79a2') in 0.0072573 seconds [static and dynamic dependencies]. Details - ImportResultOutputID=f5a826c05e6b524787de7dbd45e38e30 DependenciesID=bc2d04d48d76be722fdc3de9ba7ee160 StaticDependenciesID=088cc877f0173f3e82ef7852b9312bd7 
Number of updated asset objects reloaded before import = 0Number of asset objects unloaded after import = 1

========================================================================
Received Import Request.
  Time since last request: 0.000019 seconds.
  path: Assets/VRTemplateAssets/Materials/Controller/DefaultMaterial_AO.png
  importAddress: Guid(7438999bc10061a4db23c995a4d56f21) Importer(2089858483,b0f066a214c2f5e87bad3c948f4d605d)
Start importing Assets/VRTemplateAssets/Materials/Controller/DefaultMaterial_AO.png using Guid(7438999bc10061a4db23c995a4d56f21) Importer(2089858483,b0f066a214c2f5e87bad3c948f4d605d) (ScriptedImporter) -> (Import Result ID: '375d4d59afe1fa3a8060f98eac10572d') in 0.0099708 seconds [static and dynamic dependencies]. Details - ImportResultOutputID=92d621559cdc7f7f5969771cfe5044f7 DependenciesID=fe88b79a519248a605a159adc9b8f521 StaticDependenciesID=9cb5e9fdc4e7ea1ecaf681ddf771a159 
Number of updated asset objects reloaded before import = 0Number of asset objects unloaded after import = 1

========================================================================
Received Import Request.
  Time since last request: 0.000019 seconds.
  path: Assets/VRTemplateAssets/Materials/Locomotion/Angle Indicator.mat
  importAddress: Guid(8949fdebf89b61548af583f0a1ef05ab) Importer(2089858483,b0f066a214c2f5e87bad3c948f4d605d)
Start importing Assets/VRTemplateAssets/Materials/Locomotion/Angle Indicator.mat using Guid(8949fdebf89b61548af583f0a1ef05ab) Importer(2089858483,b0f066a214c2f5e87bad3c948f4d605d) (ScriptedImporter) -> (Import Result ID: 'eefc1d723d8cdf41cc825c7a34349102') in 0.004813 seconds [static and dynamic dependencies]. Details - ImportResultOutputID=8be72d6b392e5d3bc6dc836831bd62eb DependenciesID=3a446d6d175ab2434733251943430d42 StaticDependenciesID=20401c314f3d207f71fcd067fa81fcd0 
Number of updated asset objects reloaded before import = 0Number of asset objects unloaded after import = 1

========================================================================
Received Import Request.
  Time since last request: 0.000027 seconds.
  path: Assets/Samples/XR Interaction Toolkit/3.4.1/Starter Assets/Shaders/Unlit_Fresnel.shadergraph
  importAddress: Guid(e19b5bb6cb8e91e43b1b5d81a069296f) Importer(2089858483,b0f066a214c2f5e87bad3c948f4d605d)
Start importing Assets/Samples/XR Interaction Toolkit/3.4.1/Starter Assets/Shaders/Unlit_Fresnel.shadergraph using Guid(e19b5bb6cb8e91e43b1b5d81a069296f) Importer(2089858483,b0f066a214c2f5e87bad3c948f4d605d) (ScriptedImporter) -> (Import Result ID: 'a2005fa82db03f6718087d05fb3d83ce') in 0.0064648 seconds [static and dynamic dependencies]. Details - ImportResultOutputID=1fef507b34456871145b09cc0b169748 DependenciesID=da7556e93a20450805f17722195ac7a7 StaticDependenciesID=1ed182ac9fa4f932a86a429b69952932 
Number of updated asset objects reloaded before import = 0Number of asset objects unloaded after import = 4

========================================================================
Received Import Request.
  Time since last request: 0.000018 seconds.
  path: Assets/Samples/XR Interaction Toolkit/3.4.1/Hands Interaction Demo/Materials/Unity_Hand_Light.mat
  importAddress: Guid(1e4454c94a0cbda42814c4fb8df151d7) Importer(2089858483,b0f066a214c2f5e87bad3c948f4d605d)
Start importing Assets/Samples/XR Interaction Toolkit/3.4.1/Hands Interaction Demo/Materials/Unity_Hand_Light.mat using Guid(1e4454c94a0cbda42814c4fb8df151d7) Importer(2089858483,b0f066a214c2f5e87bad3c948f4d605d) (ScriptedImporter) -> (Import Result ID: 'f297a8eb08804ccb2e80bb5b386132e6') in 0.0076781 seconds [static and dynamic dependencies]. Details - ImportResultOutputID=7fe751360c91ba722c39bf5295e10e9f DependenciesID=e69a850a181e595c56c1bd8dbf08dfa4 StaticDependenciesID=ee5f8c4f6d3e7955123c94fc0c04846d 
Number of updated asset objects reloaded before import = 0Number of asset objects unloaded after import = 9

========================================================================
Received Prepare
WARNING: Shader Unsupported: 'Hidden/Simulation/URP/Synthetic' - All subshaders removed
WARNING: Shader Did you use #pragma only_renderers and omit this platform?
WARNING: Shader If subshaders removal was intentional, you may have forgotten turning Fallback off?
WARNING: Shader Unsupported: 'Hidden/Simulation/Synthetic Lit' - All subshaders removed
WARNING: Shader Did you use #pragma only_renderers and omit this platform?
WARNING: Shader If subshaders removal was intentional, you may have forgotten turning Fallback off?
WARNING: Shader Unsupported: 'Simulation/Standard Lit' - All subshaders removed
WARNING: Shader Did you use #pragma only_renderers and omit this platform?
WARNING: Shader If subshaders removal was intentional, you may have forgotten turning Fallback off?
WARNING: Shader Unsupported: 'Simulation/URP/Room X-Ray' - All subshaders removed
WARNING: Shader Did you use #pragma only_renderers and omit this platform?
WARNING: Shader If subshaders removal was intentional, you may have forgotten turning Fallback off?
WARNING: Shader Unsupported: 'Simulation/Room X-Ray' - All subshaders removed
WARNING: Shader Did you use #pragma only_renderers and omit this platform?
WARNING: Shader If subshaders removal was intentional, you may have forgotten turning Fallback off?
WARNING: Shader Unsupported: 'Simulation/URP/Lit' - All subshaders removed
WARNING: Shader Did you use #pragma only_renderers and omit this platform?
WARNING: Shader If subshaders removal was intentional, you may have forgotten turning Fallback off?
Refreshing native plugins compatible for Editor in 15.54 ms, found 13 plugins.
Unloading 30 Unused Serialized files (Serialized files now loaded: 0)
Unloading 7302 unused Assets / (6.7 MB). Loaded Objects now: 8271.
Memory consumption went from 174.8 MB to 168.0 MB.
Total: 298.706300 ms (FindLiveObjects: 4.267600 ms CreateObjectMapping: 0.923200 ms MarkObjects: 276.038200 ms  DeleteObjects: 17.473400 ms)

Prepare: number of updated asset objects reloaded= 0
========================================================================
Received Prepare
Begin MonoManager ReloadAssembly
[Licensing::Client] Successfully resolved entitlement details
ADTM: Control thread waiting for realtime thread timed out, have to lock...
Assembly Assembly-CSharp-Editor-firstpass.dll at Library/ScriptAssemblies/Assembly-CSharp-Editor-firstpass.dll not valid. Loading of assembly skipped.
Assembly Assembly-CSharp-Editor.dll at Library/ScriptAssemblies/Assembly-CSharp-Editor.dll not valid. Loading of assembly skipped.
Assembly Assembly-CSharp-firstpass.dll at Library/ScriptAssemblies/Assembly-CSharp-firstpass.dll not valid. Loading of assembly skipped.
Assembly DocCodeExamples.dll at Library/ScriptAssemblies/DocCodeExamples.dll not valid. Loading of assembly skipped.
Assembly TestNewCustomAssembly.dll at Library/ScriptAssemblies/TestNewCustomAssembly.dll not valid. Loading of assembly skipped.
Assembly Unity.Collections.BurstCompatibilityGen.dll at Library/ScriptAssemblies/Unity.Collections.BurstCompatibilityGen.dll not valid. Loading of assembly skipped.
Assembly Unity.Collections.DocCodeSamples.dll at Library/ScriptAssemblies/Unity.Collections.DocCodeSamples.dll not valid. Loading of assembly skipped.
Assembly Unity.Collections.PerformanceTests.dll at Library/ScriptAssemblies/Unity.Collections.PerformanceTests.dll not valid. Loading of assembly skipped.
Assembly Unity.Collections.Tests.dll at Library/ScriptAssemblies/Unity.Collections.Tests.dll not valid. Loading of assembly skipped.
Assembly Unity.Collections.Tests.Playmode.dll at Library/ScriptAssemblies/Unity.Collections.Tests.Playmode.dll not valid. Loading of assembly skipped.
Assembly Unity.InputSystem.IntegrationTests.dll at Library/ScriptAssemblies/Unity.InputSystem.IntegrationTests.dll not valid. Loading of assembly skipped.
Assembly Unity.Mathematics.Tests.dll at Library/ScriptAssemblies/Unity.Mathematics.Tests.dll not valid. Loading of assembly skipped.
Assembly Unity.Multiplayer.Center.Editor.Tests.dll at Library/ScriptAssemblies/Unity.Multiplayer.Center.Editor.Tests.dll not valid. Loading of assembly skipped.
Assembly Unity.Multiplayer.Center.Tests.dll at Library/ScriptAssemblies/Unity.Multiplayer.Center.Tests.dll not valid. Loading of assembly skipped.
Assembly Unity.Nuget.Mono-Cecil.dll at Library/ScriptAssemblies/Unity.Nuget.Mono-Cecil.dll not valid. Loading of assembly skipped.
Assembly Unity.PathTracing.Editor.Tests.dll at Library/ScriptAssemblies/Unity.PathTracing.Editor.Tests.dll not valid. Loading of assembly skipped.
Assembly Unity.PathTracing.Runtime.Tests.dll at Library/ScriptAssemblies/Unity.PathTracing.Runtime.Tests.dll not valid. Loading of assembly skipped.
Assembly Unity.Performance.Profile-Analyzer.EditorTests.dll at Library/ScriptAssemblies/Unity.Performance.Profile-Analyzer.EditorTests.dll not valid. Loading of assembly skipped.
Assembly Unity.RenderPipelines.Core.Editor.Tests.dll at Library/ScriptAssemblies/Unity.RenderPipelines.Core.Editor.Tests.dll not valid. Loading of assembly skipped.
Assembly Unity.RenderPipelines.Core.Runtime.Tests.dll at Library/ScriptAssemblies/Unity.RenderPipelines.Core.Runtime.Tests.dll not valid. Loading of assembly skipped.
Assembly Unity.RenderPipelines.Universal.Config.Editor.Tests.dll at Library/ScriptAssemblies/Unity.RenderPipelines.Universal.Config.Editor.Tests.dll not valid. Loading of assembly skipped.
Assembly Unity.RenderPipelines.Universal.Editor.Tests.dll at Library/ScriptAssemblies/Unity.RenderPipelines.Universal.Editor.Tests.dll not valid. Loading of assembly skipped.
Assembly Unity.RenderPipelines.Universal.Runtime.Tests.dll at Library/ScriptAssemblies/Unity.RenderPipelines.Universal.Runtime.Tests.dll not valid. Loading of assembly skipped.
Assembly Unity.Searcher.EditorTests.dll at Library/ScriptAssemblies/Unity.Searcher.EditorTests.dll not valid. Loading of assembly skipped.
Assembly Unity.Settings.Tests.dll at Library/ScriptAssemblies/Unity.Settings.Tests.dll not valid. Loading of assembly skipped.
Assembly Unity.ShaderGraph.Editor.Tests.dll at Library/ScriptAssemblies/Unity.ShaderGraph.Editor.Tests.dll not valid. Loading of assembly skipped.
Assembly Unity.TestTools.CodeCoverage.Editor.Compatibility.dll at Library/ScriptAssemblies/Unity.TestTools.CodeCoverage.Editor.Compatibility.dll not valid. Loading of assembly skipped.
Assembly Unity.TextMeshPro.Editor.Tests.dll at Library/ScriptAssemblies/Unity.TextMeshPro.Editor.Tests.dll not valid. Loading of assembly skipped.
Assembly Unity.TextMeshPro.Tests.dll at Library/ScriptAssemblies/Unity.TextMeshPro.Tests.dll not valid. Loading of assembly skipped.
Assembly Unity.Tutorials.Core.Editor.Tests.dll at Library/ScriptAssemblies/Unity.Tutorials.Core.Editor.Tests.dll not valid. Loading of assembly skipped.
Assembly Unity.Tutorials.Core.Tests.dll at Library/ScriptAssemblies/Unity.Tutorials.Core.Tests.dll not valid. Loading of assembly skipped.
Assembly Unity.UnifiedRayTracing.Editor.Tests.dll at Library/ScriptAssemblies/Unity.UnifiedRayTracing.Editor.Tests.dll not valid. Loading of assembly skipped.
Assembly Unity.XR.AndroidOpenXR.Tests.dll at Library/ScriptAssemblies/Unity.XR.AndroidOpenXR.Tests.dll not valid. Loading of assembly skipped.
Assembly Unity.XR.AndroidXROpenXR.CodeSamples.Tests.dll at Library/ScriptAssemblies/Unity.XR.AndroidXROpenXR.CodeSamples.Tests.dll not valid. Loading of assembly skipped.
Assembly Unity.XR.AndroidXROpenXR.Editor.Tests.dll at Library/ScriptAssemblies/Unity.XR.AndroidXROpenXR.Editor.Tests.dll not valid. Loading of assembly skipped.
Assembly Unity.XR.ARFoundation.CodeSamples.Editor.Tests.dll at Library/ScriptAssemblies/Unity.XR.ARFoundation.CodeSamples.Editor.Tests.dll not valid. Loading of assembly skipped.
Assembly Unity.XR.ARFoundation.CodeSamples.Tests.dll at Library/ScriptAssemblies/Unity.XR.ARFoundation.CodeSamples.Tests.dll not valid. Loading of assembly skipped.
Assembly Unity.XR.ARFoundation.Editor.Tests.dll at Library/ScriptAssemblies/Unity.XR.ARFoundation.Editor.Tests.dll not valid. Loading of assembly skipped.
Assembly Unity.XR.ARFoundation.InternalUtils.Editor.Tests.dll at Library/ScriptAssemblies/Unity.XR.ARFoundation.InternalUtils.Editor.Tests.dll not valid. Loading of assembly skipped.
Assembly Unity.XR.ARFoundation.Runtime.Tests.dll at Library/ScriptAssemblies/Unity.XR.ARFoundation.Runtime.Tests.dll not valid. Loading of assembly skipped.
Assembly Unity.XR.ARSubsystems.Editor.Tests.dll at Library/ScriptAssemblies/Unity.XR.ARSubsystems.Editor.Tests.dll not valid. Loading of assembly skipped.
Assembly Unity.XR.CompositionLayers.Editor.Tests.dll at Library/ScriptAssemblies/Unity.XR.CompositionLayers.Editor.Tests.dll not valid. Loading of assembly skipped.
Assembly Unity.XR.CompositionLayers.Tests.dll at Library/ScriptAssemblies/Unity.XR.CompositionLayers.Tests.dll not valid. Loading of assembly skipped.
Assembly Unity.XR.CoreUtils.CodeSamples.Tests.dll at Library/ScriptAssemblies/Unity.XR.CoreUtils.CodeSamples.Tests.dll not valid. Loading of assembly skipped.
Assembly Unity.XR.CoreUtils.Editor.Tests.dll at Library/ScriptAssemblies/Unity.XR.CoreUtils.Editor.Tests.dll not valid. Loading of assembly skipped.
Assembly Unity.XR.CoreUtils.Tests.dll at Library/ScriptAssemblies/Unity.XR.CoreUtils.Tests.dll not valid. Loading of assembly skipped.
Assembly Unity.XR.Hands.Editor.Tests.dll at Library/ScriptAssemblies/Unity.XR.Hands.Editor.Tests.dll not valid. Loading of assembly skipped.
Assembly Unity.XR.Hands.Tests.dll at Library/ScriptAssemblies/Unity.XR.Hands.Tests.dll not valid. Loading of assembly skipped.
Assembly Unity.XR.Interaction.Toolkit.Editor.Tests.dll at Library/ScriptAssemblies/Unity.XR.Interaction.Toolkit.Editor.Tests.dll not valid. Loading of assembly skipped.
Assembly Unity.XR.Interaction.Toolkit.Tests.dll at Library/ScriptAssemblies/Unity.XR.Interaction.Toolkit.Tests.dll not valid. Loading of assembly skipped.
Assembly Unity.XR.Management.EditorTests.dll at Library/ScriptAssemblies/Unity.XR.Management.EditorTests.dll not valid. Loading of assembly skipped.
Assembly Unity.XR.Management.TestPackage.dll at Library/ScriptAssemblies/Unity.XR.Management.TestPackage.dll not valid. Loading of assembly skipped.
Assembly Unity.XR.Management.TestPackage.Editor.dll at Library/ScriptAssemblies/Unity.XR.Management.TestPackage.Editor.dll not valid. Loading of assembly skipped.
Assembly Unity.XR.Management.Tests.dll at Library/ScriptAssemblies/Unity.XR.Management.Tests.dll not valid. Loading of assembly skipped.
Assembly Unity.XR.Management.Tests.Standalone.dll at Library/ScriptAssemblies/Unity.XR.Management.Tests.Standalone.dll not valid. Loading of assembly skipped.
Assembly Unity.XR.MetaOpenXR.CodeSamples.Tests.dll at Library/ScriptAssemblies/Unity.XR.MetaOpenXR.CodeSamples.Tests.dll not valid. Loading of assembly skipped.
Assembly Unity.XR.MetaOpenXR.Editor.Tests.dll at Library/ScriptAssemblies/Unity.XR.MetaOpenXR.Editor.Tests.dll not valid. Loading of assembly skipped.
Assembly Unity.XR.MetaOpenXR.Tests.dll at Library/ScriptAssemblies/Unity.XR.MetaOpenXR.Tests.dll not valid. Loading of assembly skipped.
Assembly Unity.XR.OpenXR.Editor.Tests.dll at Library/ScriptAssemblies/Unity.XR.OpenXR.Editor.Tests.dll not valid. Loading of assembly skipped.
Assembly Unity.XR.OpenXR.Tests.dll at Library/ScriptAssemblies/Unity.XR.OpenXR.Tests.dll not valid. Loading of assembly skipped.
Assembly Unity.XR.OpenXR.Ubuntu.Tests.dll at Library/ScriptAssemblies/Unity.XR.OpenXR.Ubuntu.Tests.dll not valid. Loading of assembly skipped.
Assembly Unity.XR.Simulation.Editor.Tests.dll at Library/ScriptAssemblies/Unity.XR.Simulation.Editor.Tests.dll not valid. Loading of assembly skipped.
Assembly Unity.XR.Simulation.Runtime.Tests.dll at Library/ScriptAssemblies/Unity.XR.Simulation.Runtime.Tests.dll not valid. Loading of assembly skipped.
Assembly Unity.XR.TestSupport.dll at Library/ScriptAssemblies/Unity.XR.TestSupport.dll not valid. Loading of assembly skipped.
Assembly Unity.XR.TestTooling.Editor.Tests.dll at Library/ScriptAssemblies/Unity.XR.TestTooling.Editor.Tests.dll not valid. Loading of assembly skipped.
Assembly UnityEditor.UI.Common.Tests.dll at Library/ScriptAssemblies/UnityEditor.UI.Common.Tests.dll not valid. Loading of assembly skipped.
Assembly UnityEditor.UI.EditorTests.dll at Library/ScriptAssemblies/UnityEditor.UI.EditorTests.dll not valid. Loading of assembly skipped.
Assembly UnityEditor.XR.LegacyInputHelpers.Tests.dll at Library/ScriptAssemblies/UnityEditor.XR.LegacyInputHelpers.Tests.dll not valid. Loading of assembly skipped.
Assembly UnityEngine.SpatialTracking.Tests.dll at Library/ScriptAssemblies/UnityEngine.SpatialTracking.Tests.dll not valid. Loading of assembly skipped.
Assembly UnityEngine.UI.Tests.dll at Library/ScriptAssemblies/UnityEngine.UI.Tests.dll not valid. Loading of assembly skipped.
Assembly UnityEngine.XR.OpenXR.CodeSamples.Editor.Tests.dll at Library/ScriptAssemblies/UnityEngine.XR.OpenXR.CodeSamples.Editor.Tests.dll not valid. Loading of assembly skipped.
Refreshing native plugins compatible for Editor in 7.19 ms, found 13 plugins.
Native extension for WindowsStandalone target not found
[Package Manager] Failed to launch server process. Reason: Unity was launched with the -noUpm command-line argument
[Package Manager] Unable to send message (not connected to server process).
[Package Manager] Cannot connect to Unity Package Manager local server
[Package Manager] Failed to launch server process. Reason: Unity was launched with the -noUpm command-line argument
[Package Manager] Unable to send message (not connected to server process).
[Package Manager] Cannot connect to Unity Package Manager local server
ScheduleIndexationOnStartup MainProcess:False IndexOnStartup:True
Mono: successfully reloaded assembly
[Package Manager] Failed to launch server process. Reason: Unity was launched with the -noUpm command-line argument
[Package Manager] Unable to send message (not connected to server process).
[Package Manager] Cannot connect to Unity Package Manager local server
- Finished resetting the current domain, in  1.854 seconds
Domain Reload Profiling: 5363ms
	BeginReloadAssembly (2337ms)
		DisableScriptedObjects (94ms)
		CreateAndSetChildDomain (1472ms)
	RebuildCommonClasses (40ms)
	RebuildNativeTypeToScriptingClass (12ms)
	initialDomainReloadingComplete (92ms)
	LoadAllAssembliesAndSetupDomain (1022ms)
		LoadAssemblies (904ms)
		AnalyzeDomain (372ms)
			TypeCache.Refresh (34ms)
			BuildScriptInfoCaches (309ms)
			ResolveRequiredComponents (15ms)
	FinalizeReload (1860ms)
		SetupLoadedEditorAssemblies (0ms)
			BeforeProcessingInitializeOnLoad (168ms)
			ProcessInitializeOnLoadAttributes (982ms)
			ProcessInitializeOnLoadMethodAttributes (383ms)
			AfterProcessingInitializeOnLoad (9ms)
			EditorAssembliesLoaded (16ms)
		AwakeInstancesAfterBackupRestoration (31ms)
WARNING: Shader Unsupported: 'Hidden/Simulation/URP/Synthetic' - All subshaders removed
WARNING: Shader Did you use #pragma only_renderers and omit this platform?
WARNING: Shader If subshaders removal was intentional, you may have forgotten turning Fallback off?
WARNING: Shader Unsupported: 'Hidden/Simulation/Synthetic Lit' - All subshaders removed
WARNING: Shader Did you use #pragma only_renderers and omit this platform?
WARNING: Shader If subshaders removal was intentional, you may have forgotten turning Fallback off?
WARNING: Shader Unsupported: 'Simulation/Standard Lit' - All subshaders removed
WARNING: Shader Did you use #pragma only_renderers and omit this platform?
WARNING: Shader If subshaders removal was intentional, you may have forgotten turning Fallback off?
WARNING: Shader Unsupported: 'Simulation/URP/Room X-Ray' - All subshaders removed
WARNING: Shader Did you use #pragma only_renderers and omit this platform?
WARNING: Shader If subshaders removal was intentional, you may have forgotten turning Fallback off?
WARNING: Shader Unsupported: 'Simulation/Room X-Ray' - All subshaders removed
WARNING: Shader Did you use #pragma only_renderers and omit this platform?
WARNING: Shader If subshaders removal was intentional, you may have forgotten turning Fallback off?
WARNING: Shader Unsupported: 'Simulation/URP/Lit' - All subshaders removed
WARNING: Shader Did you use #pragma only_renderers and omit this platform?
WARNING: Shader If subshaders removal was intentional, you may have forgotten turning Fallback off?
Refreshing native plugins compatible for Editor in 4.72 ms, found 13 plugins.
Unloading 30 Unused Serialized files (Serialized files now loaded: 0)
Unloading 7480 unused Assets / (7.5 MB). Loaded Objects now: 8303.
Memory consumption went from 205.0 MB to 197.5 MB.
Total: 24.571100 ms (FindLiveObjects: 1.777400 ms CreateObjectMapping: 0.829500 ms MarkObjects: 16.553700 ms  DeleteObjects: 5.408700 ms)

Prepare: number of updated asset objects reloaded= 98
